complaint_id,project_id,date,complaint_type,description,latitude,longitude,status,data_source
C-0002,MPLADS-SYN-0002,2026-06-14,Cost Concern,Citizen requests verification,15.794127,79.481841,Open,SYNTHETIC_PROTOTYPE
C-0005,MPLADS-SYN-0005,2026-05-11,Cost Concern,Reported work not visible at site,17.950685,80.896474,Open,SYNTHETIC_PROTOTYPE
C-0011,MPLADS-SYN-0011,2026-10-06,Cost Concern,Citizen requests verification,12.379855,79.808196,Open,SYNTHETIC_PROTOTYPE
C-0012,MPLADS-SYN-0012,2026-10-02,Duplicate Work Concern,Citizen requests verification,22.744779,80.327667,Under Review,SYNTHETIC_PROTOTYPE
C-0014,MPLADS-SYN-0014,2026-05-30,Duplicate Work Concern,Citizen requests verification,8.635702,76.081035,Open,SYNTHETIC_PROTOTYPE
C-0019,MPLADS-SYN-0019,2026-07-04,Cost Concern,Quality requires inspection,21.275238,86.98913,Resolved,SYNTHETIC_PROTOTYPE
C-0021,MPLADS-SYN-0021,2026-08-11,Work Not Started,Citizen requests verification,19.301755,78.330415,Under Review,SYNTHETIC_PROTOTYPE
C-0024,MPLADS-SYN-0024,2026-03-18,Work Not Started,Citizen requests verification,23.90456,75.796134,Under Review,SYNTHETIC_PROTOTYPE
C-0026,MPLADS-SYN-0026,2026-06-03,Duplicate Work Concern,Reported work not visible at site,17.089699,87.685412,Open,SYNTHETIC_PROTOTYPE
C-0028,MPLADS-SYN-0028,2026-06-06,Delay,Work appears slow,19.999704,83.751499,Under Review,SYNTHETIC_PROTOTYPE
C-0031,MPLADS-SYN-0031,2026-09-26,Delay,Citizen requests verification,22.426743,80.255312,Open,SYNTHETIC_PROTOTYPE
C-0032,MPLADS-SYN-0032,2026-07-08,Work Not Started,Work appears slow,23.584993,82.817808,Open,SYNTHETIC_PROTOTYPE
C-0034,MPLADS-SYN-0034,2027-01-12,Delay,Work appears slow,16.035787,81.819686,Resolved,SYNTHETIC_PROTOTYPE
C-0036,MPLADS-SYN-0036,2026-07-24,Duplicate Work Concern,Citizen requests verification,18.289591,75.88949,Under Review,SYNTHETIC_PROTOTYPE
C-0039,MPLADS-SYN-0039,2026-10-19,Work Not Started,Citizen requests verification,11.701156,76.845276,Open,SYNTHETIC_PROTOTYPE
C-0041,MPLADS-SYN-0041,2026-03-11,Work Quality,Quality requires inspection,22.738567,80.67288,Resolved,SYNTHETIC_PROTOTYPE
C-0042,MPLADS-SYN-0042,2026-07-05,Cost Concern,Citizen requests verification,26.489834,77.57115,Under Review,SYNTHETIC_PROTOTYPE
C-0043,MPLADS-SYN-0043,2026-09-24,Duplicate Work Concern,Work appears slow,10.889381,72.834711,Under Review,SYNTHETIC_PROTOTYPE
C-0048,MPLADS-SYN-0048,2026-03-13,Duplicate Work Concern,Citizen requests verification,27.725001,87.279716,Open,SYNTHETIC_PROTOTYPE
C-0051,MPLADS-SYN-0051,2026-08-05,Delay,Work appears slow,25.928137,74.19502,Open,SYNTHETIC_PROTOTYPE
C-0052,MPLADS-SYN-0052,2026-12-29,Cost Concern,Citizen requests verification,24.775438,75.908423,Resolved,SYNTHETIC_PROTOTYPE
C-0056,MPLADS-SYN-0056,2026-09-13,Work Not Started,Work appears slow,12.63192,83.287035,Resolved,SYNTHETIC_PROTOTYPE
C-0062,MPLADS-SYN-0062,2026-11-24,Work Quality,Citizen requests verification,20.032752,77.739505,Under Review,SYNTHETIC_PROTOTYPE
C-0064,MPLADS-SYN-0064,2026-06-11,Delay,Citizen requests verification,18.911818,81.847265,Under Review,SYNTHETIC_PROTOTYPE
C-0065,MPLADS-SYN-0065,2026-10-08,Work Quality,Citizen requests verification,18.142278,77.32809,Open,SYNTHETIC_PROTOTYPE
C-0068,MPLADS-SYN-0068,2026-04-22,Cost Concern,Work appears slow,18.38533,82.371851,Under Review,SYNTHETIC_PROTOTYPE
C-0071,MPLADS-SYN-0071,2026-07-18,Cost Concern,Quality requires inspection,22.588148,73.534028,Open,SYNTHETIC_PROTOTYPE
C-0072,MPLADS-SYN-0072,2026-05-07,Work Quality,Reported work not visible at site,25.474678,73.491547,Resolved,SYNTHETIC_PROTOTYPE
C-0074,MPLADS-SYN-0074,2026-10-08,Work Quality,Citizen requests verification,23.720432,88.492197,Open,SYNTHETIC_PROTOTYPE
C-0076,MPLADS-SYN-0076,2026-04-06,Cost Concern,Citizen requests verification,21.043356,87.890219,Under Review,SYNTHETIC_PROTOTYPE
C-0077,MPLADS-SYN-0077,2026-05-29,Duplicate Work Concern,Citizen requests verification,11.297156,73.236983,Under Review,SYNTHETIC_PROTOTYPE
C-0080,MPLADS-SYN-0080,2026-08-16,Delay,Reported work not visible at site,24.106323,86.315239,Under Review,SYNTHETIC_PROTOTYPE
C-0083,MPLADS-SYN-0083,2026-07-19,Work Not Started,Reported work not visible at site,23.103985,81.619119,Under Review,SYNTHETIC_PROTOTYPE
C-0084,MPLADS-SYN-0084,2026-10-13,Work Quality,Citizen requests verification,25.853549,74.488963,Open,SYNTHETIC_PROTOTYPE
C-0085,MPLADS-SYN-0085,2026-06-12,Work Quality,Reported work not visible at site,23.039802,75.733743,Open,SYNTHETIC_PROTOTYPE
C-0087,MPLADS-SYN-0087,2026-09-07,Delay,Work appears slow,21.769887,86.964174,Open,SYNTHETIC_PROTOTYPE
C-0088,MPLADS-SYN-0088,2026-11-18,Duplicate Work Concern,Work appears slow,17.803754,78.959614,Under Review,SYNTHETIC_PROTOTYPE
C-0094,MPLADS-SYN-0094,2026-06-28,Delay,Reported work not visible at site,12.927812,82.598456,Resolved,SYNTHETIC_PROTOTYPE
C-0100,MPLADS-SYN-0100,2026-05-09,Work Quality,Citizen requests verification,11.080325,74.59665,Open,SYNTHETIC_PROTOTYPE
C-0105,MPLADS-SYN-0105,2026-11-01,Work Quality,Reported work not visible at site,27.060335,81.485611,Under Review,SYNTHETIC_PROTOTYPE
C-0106,MPLADS-SYN-0106,2026-11-07,Delay,Citizen requests verification,27.415406,83.270533,Resolved,SYNTHETIC_PROTOTYPE
C-0107,MPLADS-SYN-0107,2026-05-05,Cost Concern,Quality requires inspection,22.069745,74.884492,Resolved,SYNTHETIC_PROTOTYPE
C-0109,MPLADS-SYN-0109,2026-08-27,Duplicate Work Concern,Citizen requests verification,17.993278,84.151418,Open,SYNTHETIC_PROTOTYPE
C-0110,MPLADS-SYN-0110,2026-09-09,Work Not Started,Citizen requests verification,20.671254,73.392355,Under Review,SYNTHETIC_PROTOTYPE
C-0113,MPLADS-SYN-0113,2026-05-03,Delay,Citizen requests verification,27.193167,74.615709,Open,SYNTHETIC_PROTOTYPE
C-0114,MPLADS-SYN-0114,2026-03-09,Duplicate Work Concern,Reported work not visible at site,28.12415,85.012548,Resolved,SYNTHETIC_PROTOTYPE
C-0120,MPLADS-SYN-0120,2026-05-07,Work Not Started,Citizen requests verification,16.816232,83.297505,Resolved,SYNTHETIC_PROTOTYPE
C-0122,MPLADS-SYN-0122,2026-04-20,Duplicate Work Concern,Reported work not visible at site,28.303863,87.577492,Resolved,SYNTHETIC_PROTOTYPE
C-0123,MPLADS-SYN-0123,2026-05-23,Work Not Started,Reported work not visible at site,22.906539,84.629644,Open,SYNTHETIC_PROTOTYPE
C-0125,MPLADS-SYN-0125,2026-05-12,Delay,Citizen requests verification,8.50993,79.486653,Under Review,SYNTHETIC_PROTOTYPE
C-0128,MPLADS-SYN-0128,2026-05-28,Work Not Started,Citizen requests verification,20.822843,73.946238,Open,SYNTHETIC_PROTOTYPE
C-0129,MPLADS-SYN-0129,2026-10-13,Delay,Citizen requests verification,25.121176,76.938658,Under Review,SYNTHETIC_PROTOTYPE
C-0130,MPLADS-SYN-0130,2026-06-09,Work Quality,Quality requires inspection,25.913323,77.120065,Resolved,SYNTHETIC_PROTOTYPE
C-0135,MPLADS-SYN-0135,2026-07-03,Duplicate Work Concern,Citizen requests verification,21.737175,74.214031,Under Review,SYNTHETIC_PROTOTYPE
C-0138,MPLADS-SYN-0138,2026-09-08,Work Not Started,Reported work not visible at site,17.728339,74.393014,Open,SYNTHETIC_PROTOTYPE
C-0140,MPLADS-SYN-0140,2026-08-18,Work Not Started,Citizen requests verification,12.477222,82.615142,Under Review,SYNTHETIC_PROTOTYPE
C-0143,MPLADS-SYN-0143,2026-04-29,Duplicate Work Concern,Quality requires inspection,24.635846,88.20741,Under Review,SYNTHETIC_PROTOTYPE
C-0150,MPLADS-SYN-0150,2026-07-07,Work Quality,Reported work not visible at site,15.624247,76.752553,Under Review,SYNTHETIC_PROTOTYPE
C-0153,MPLADS-SYN-0153,2026-04-26,Cost Concern,Work appears slow,13.934391,80.09411,Under Review,SYNTHETIC_PROTOTYPE
C-0159,MPLADS-SYN-0159,2026-08-16,Work Not Started,Citizen requests verification,9.974609,73.260679,Open,SYNTHETIC_PROTOTYPE
C-0161,MPLADS-SYN-0161,2026-08-29,Cost Concern,Reported work not visible at site,20.054277,88.266951,Resolved,SYNTHETIC_PROTOTYPE
C-0163,MPLADS-SYN-0163,2026-05-11,Cost Concern,Quality requires inspection,28.322196,78.964859,Under Review,SYNTHETIC_PROTOTYPE
C-0164,MPLADS-SYN-0164,2026-09-12,Delay,Work appears slow,24.521119,84.275972,Open,SYNTHETIC_PROTOTYPE
C-0166,MPLADS-SYN-0166,2026-04-16,Cost Concern,Citizen requests verification,27.258476,79.44818,Under Review,SYNTHETIC_PROTOTYPE
C-0169,MPLADS-SYN-0169,2026-08-08,Duplicate Work Concern,Reported work not visible at site,22.472573,79.20298,Resolved,SYNTHETIC_PROTOTYPE
C-0175,MPLADS-SYN-0175,2026-12-01,Delay,Quality requires inspection,16.002332,78.878678,Open,SYNTHETIC_PROTOTYPE
C-0177,MPLADS-SYN-0177,2026-12-11,Duplicate Work Concern,Reported work not visible at site,18.581985,83.256063,Open,SYNTHETIC_PROTOTYPE
C-0188,MPLADS-SYN-0188,2026-10-02,Duplicate Work Concern,Work appears slow,26.792459,78.226877,Under Review,SYNTHETIC_PROTOTYPE
C-0193,MPLADS-SYN-0193,2026-05-27,Work Not Started,Work appears slow,26.217969,81.425941,Resolved,SYNTHETIC_PROTOTYPE
C-0194,MPLADS-SYN-0194,2026-07-04,Work Quality,Citizen requests verification,23.275768,84.680315,Resolved,SYNTHETIC_PROTOTYPE
C-0196,MPLADS-SYN-0196,2026-04-14,Work Quality,Citizen requests verification,8.550102,75.281754,Open,SYNTHETIC_PROTOTYPE
C-0199,MPLADS-SYN-0199,2026-08-23,Work Quality,Reported work not visible at site,11.452793,83.076925,Open,SYNTHETIC_PROTOTYPE
C-0202,MPLADS-SYN-0202,2026-03-25,Work Quality,Work appears slow,13.912025,72.391135,Open,SYNTHETIC_PROTOTYPE
C-0204,MPLADS-SYN-0204,2026-04-18,Delay,Reported work not visible at site,15.67133,78.674984,Resolved,SYNTHETIC_PROTOTYPE
C-0211,MPLADS-SYN-0211,2026-05-11,Duplicate Work Concern,Reported work not visible at site,21.514399,86.000481,Open,SYNTHETIC_PROTOTYPE
C-0212,MPLADS-SYN-0212,2026-03-18,Delay,Work appears slow,11.680805,72.865747,Resolved,SYNTHETIC_PROTOTYPE
C-0213,MPLADS-SYN-0213,2026-07-26,Duplicate Work Concern,Citizen requests verification,14.668396,83.775666,Open,SYNTHETIC_PROTOTYPE
C-0216,MPLADS-SYN-0216,2026-08-24,Work Quality,Citizen requests verification,26.975805,74.898637,Resolved,SYNTHETIC_PROTOTYPE
C-0218,MPLADS-SYN-0218,2026-06-07,Work Not Started,Quality requires inspection,27.067652,84.602174,Resolved,SYNTHETIC_PROTOTYPE
C-0224,MPLADS-SYN-0224,2026-04-13,Work Quality,Quality requires inspection,24.285836,83.447964,Open,SYNTHETIC_PROTOTYPE
C-0225,MPLADS-SYN-0225,2026-07-14,Work Not Started,Reported work not visible at site,21.29756,82.440499,Under Review,SYNTHETIC_PROTOTYPE
C-0229,MPLADS-SYN-0229,2026-06-26,Work Quality,Work appears slow,22.214577,78.829978,Open,SYNTHETIC_PROTOTYPE
C-0230,MPLADS-SYN-0230,2026-09-26,Duplicate Work Concern,Quality requires inspection,15.737827,72.435614,Under Review,SYNTHETIC_PROTOTYPE
C-0235,MPLADS-SYN-0235,2026-08-22,Work Quality,Work appears slow,14.740584,77.235935,Under Review,SYNTHETIC_PROTOTYPE
C-0238,MPLADS-SYN-0238,2026-10-22,Work Quality,Quality requires inspection,20.787497,80.988742,Under Review,SYNTHETIC_PROTOTYPE
C-0242,MPLADS-SYN-0242,2026-12-02,Delay,Citizen requests verification,13.125579,75.263096,Resolved,SYNTHETIC_PROTOTYPE
C-0247,MPLADS-SYN-0247,2026-05-23,Delay,Work appears slow,21.292445,74.431209,Under Review,SYNTHETIC_PROTOTYPE
C-0249,MPLADS-SYN-0249,2026-07-26,Work Not Started,Citizen requests verification,25.487352,81.80092,Under Review,SYNTHETIC_PROTOTYPE
C-0250,MPLADS-SYN-0250,2026-09-09,Delay,Quality requires inspection,18.206898,76.030561,Under Review,SYNTHETIC_PROTOTYPE
C-0253,MPLADS-SYN-0253,2026-08-02,Work Not Started,Work appears slow,21.737846,79.636824,Open,SYNTHETIC_PROTOTYPE
C-0257,MPLADS-SYN-0257,2026-07-16,Cost Concern,Work appears slow,16.898569,80.719245,Resolved,SYNTHETIC_PROTOTYPE
C-0258,MPLADS-SYN-0258,2026-04-15,Duplicate Work Concern,Work appears slow,19.796345,86.077636,Open,SYNTHETIC_PROTOTYPE
C-0259,MPLADS-SYN-0259,2026-02-28,Cost Concern,Work appears slow,25.63499,83.250398,Open,SYNTHETIC_PROTOTYPE
C-0263,MPLADS-SYN-0263,2026-09-15,Delay,Work appears slow,23.702553,76.554835,Open,SYNTHETIC_PROTOTYPE
C-0266,MPLADS-SYN-0266,2026-03-17,Cost Concern,Quality requires inspection,28.294667,74.185033,Resolved,SYNTHETIC_PROTOTYPE
C-0267,MPLADS-SYN-0267,2026-10-09,Delay,Quality requires inspection,18.426772,81.70309,Open,SYNTHETIC_PROTOTYPE
C-0272,MPLADS-SYN-0272,2026-07-11,Delay,Work appears slow,19.33647,76.103779,Open,SYNTHETIC_PROTOTYPE
C-0275,MPLADS-SYN-0275,2026-11-12,Work Quality,Reported work not visible at site,8.189898,73.941442,Open,SYNTHETIC_PROTOTYPE
C-0277,MPLADS-SYN-0277,2026-06-28,Delay,Reported work not visible at site,11.0049,74.721285,Under Review,SYNTHETIC_PROTOTYPE
C-0278,MPLADS-SYN-0278,2026-04-07,Cost Concern,Citizen requests verification,15.091003,78.998068,Under Review,SYNTHETIC_PROTOTYPE
C-0279,MPLADS-SYN-0279,2026-05-31,Cost Concern,Work appears slow,26.330695,74.528964,Resolved,SYNTHETIC_PROTOTYPE
C-0280,MPLADS-SYN-0280,2026-07-24,Duplicate Work Concern,Quality requires inspection,25.139821,73.421912,Under Review,SYNTHETIC_PROTOTYPE
C-0288,MPLADS-SYN-0288,2026-10-10,Work Not Started,Citizen requests verification,8.102154,75.419167,Under Review,SYNTHETIC_PROTOTYPE
C-0290,MPLADS-SYN-0290,2026-08-05,Work Not Started,Reported work not visible at site,26.951948,74.590471,Resolved,SYNTHETIC_PROTOTYPE
C-0291,MPLADS-SYN-0291,2026-08-05,Work Not Started,Work appears slow,14.616709,76.83463,Resolved,SYNTHETIC_PROTOTYPE
C-0294,MPLADS-SYN-0294,2026-07-27,Duplicate Work Concern,Work appears slow,11.078697,82.040804,Resolved,SYNTHETIC_PROTOTYPE
C-0297,MPLADS-SYN-0297,2026-11-30,Delay,Citizen requests verification,12.310398,83.08736,Under Review,SYNTHETIC_PROTOTYPE
C-0300,MPLADS-SYN-0300,2026-06-05,Work Quality,Quality requires inspection,23.055602,81.326597,Open,SYNTHETIC_PROTOTYPE
C-0305,MPLADS-SYN-0305,2026-08-31,Delay,Reported work not visible at site,9.945096,78.661393,Resolved,SYNTHETIC_PROTOTYPE
C-0306,MPLADS-SYN-0306,2026-08-13,Delay,Quality requires inspection,13.386,79.257129,Under Review,SYNTHETIC_PROTOTYPE
C-0307,MPLADS-SYN-0307,2026-09-04,Duplicate Work Concern,Quality requires inspection,19.537937,80.755199,Resolved,SYNTHETIC_PROTOTYPE
C-0308,MPLADS-SYN-0308,2026-05-24,Duplicate Work Concern,Citizen requests verification,27.747441,76.559116,Resolved,SYNTHETIC_PROTOTYPE
C-0313,MPLADS-SYN-0313,2026-07-06,Duplicate Work Concern,Reported work not visible at site,19.906746,82.351379,Resolved,SYNTHETIC_PROTOTYPE
C-0315,MPLADS-SYN-0315,2026-03-20,Cost Concern,Reported work not visible at site,15.347554,73.973508,Under Review,SYNTHETIC_PROTOTYPE
C-0330,MPLADS-SYN-0330,2026-03-24,Cost Concern,Citizen requests verification,14.542611,77.91035,Under Review,SYNTHETIC_PROTOTYPE
C-0334,MPLADS-SYN-0334,2026-01-29,Work Not Started,Citizen requests verification,16.638651,78.081683,Resolved,SYNTHETIC_PROTOTYPE
C-0335,MPLADS-SYN-0335,2026-02-08,Work Not Started,Reported work not visible at site,22.629072,80.195743,Resolved,SYNTHETIC_PROTOTYPE
C-0338,MPLADS-SYN-0338,2026-04-30,Work Not Started,Reported work not visible at site,13.848572,88.283611,Open,SYNTHETIC_PROTOTYPE
C-0340,MPLADS-SYN-0340,2026-04-18,Work Quality,Citizen requests verification,18.015519,75.819726,Under Review,SYNTHETIC_PROTOTYPE
C-0341,MPLADS-SYN-0341,2026-05-03,Work Not Started,Quality requires inspection,25.056462,74.630141,Resolved,SYNTHETIC_PROTOTYPE
C-0343,MPLADS-SYN-0343,2026-04-11,Cost Concern,Reported work not visible at site,13.24399,79.812739,Resolved,SYNTHETIC_PROTOTYPE
C-0344,MPLADS-SYN-0344,2026-03-11,Work Quality,Quality requires inspection,18.594557,74.869992,Under Review,SYNTHETIC_PROTOTYPE
C-0349,MPLADS-SYN-0349,2026-08-09,Work Not Started,Citizen requests verification,11.554839,83.957743,Resolved,SYNTHETIC_PROTOTYPE
C-0354,MPLADS-SYN-0354,2026-07-31,Duplicate Work Concern,Work appears slow,26.345476,75.896714,Under Review,SYNTHETIC_PROTOTYPE
C-0355,MPLADS-SYN-0355,2026-04-05,Delay,Quality requires inspection,20.424588,72.695975,Under Review,SYNTHETIC_PROTOTYPE
C-0356,MPLADS-SYN-0356,2026-04-14,Duplicate Work Concern,Quality requires inspection,10.916883,86.858359,Under Review,SYNTHETIC_PROTOTYPE
C-0359,MPLADS-SYN-0359,2026-06-07,Cost Concern,Citizen requests verification,25.313921,75.612052,Under Review,SYNTHETIC_PROTOTYPE
C-0364,MPLADS-SYN-0364,2026-11-27,Work Not Started,Citizen requests verification,16.348459,82.347679,Resolved,SYNTHETIC_PROTOTYPE
C-0365,MPLADS-SYN-0365,2026-06-06,Delay,Work appears slow,11.635167,82.823956,Under Review,SYNTHETIC_PROTOTYPE
C-0368,MPLADS-SYN-0368,2026-11-06,Work Not Started,Work appears slow,14.147894,72.376091,Open,SYNTHETIC_PROTOTYPE
C-0369,MPLADS-SYN-0369,2026-10-10,Duplicate Work Concern,Citizen requests verification,16.321538,73.763811,Under Review,SYNTHETIC_PROTOTYPE
C-0373,MPLADS-SYN-0373,2026-04-16,Work Not Started,Quality requires inspection,11.05636,72.321871,Under Review,SYNTHETIC_PROTOTYPE
C-0375,MPLADS-SYN-0375,2026-08-31,Work Not Started,Quality requires inspection,11.369373,84.191589,Resolved,SYNTHETIC_PROTOTYPE
C-0377,MPLADS-SYN-0377,2026-07-21,Duplicate Work Concern,Work appears slow,25.596166,80.96985,Open,SYNTHETIC_PROTOTYPE
C-0378,MPLADS-SYN-0378,2026-07-01,Delay,Reported work not visible at site,27.53702,73.622353,Resolved,SYNTHETIC_PROTOTYPE
C-0386,MPLADS-SYN-0386,2026-04-16,Delay,Citizen requests verification,22.041737,73.19858,Open,SYNTHETIC_PROTOTYPE
C-0389,MPLADS-SYN-0389,2026-05-07,Work Not Started,Reported work not visible at site,14.998573,81.062256,Open,SYNTHETIC_PROTOTYPE
C-0390,MPLADS-SYN-0390,2026-10-25,Delay,Citizen requests verification,28.467723,73.925644,Resolved,SYNTHETIC_PROTOTYPE
C-0394,MPLADS-SYN-0394,2026-05-18,Work Quality,Quality requires inspection,8.59703,75.775624,Under Review,SYNTHETIC_PROTOTYPE
C-0398,MPLADS-SYN-0398,2026-06-03,Work Not Started,Quality requires inspection,23.1553,85.972703,Resolved,SYNTHETIC_PROTOTYPE
C-0400,MPLADS-SYN-0400,2026-08-06,Work Not Started,Citizen requests verification,27.677073,76.384747,Under Review,SYNTHETIC_PROTOTYPE
C-0403,MPLADS-SYN-0403,2026-05-17,Cost Concern,Reported work not visible at site,20.794539,72.974843,Under Review,SYNTHETIC_PROTOTYPE
C-0404,MPLADS-SYN-0404,2026-07-29,Duplicate Work Concern,Reported work not visible at site,24.742658,86.107032,Open,SYNTHETIC_PROTOTYPE
C-0410,MPLADS-SYN-0410,2026-07-22,Work Not Started,Quality requires inspection,8.556176,87.533593,Resolved,SYNTHETIC_PROTOTYPE
C-0411,MPLADS-SYN-0411,2026-09-02,Cost Concern,Reported work not visible at site,20.767983,78.119247,Open,SYNTHETIC_PROTOTYPE
C-0420,MPLADS-SYN-0420,2027-03-04,Cost Concern,Citizen requests verification,15.387815,87.775028,Under Review,SYNTHETIC_PROTOTYPE
C-0421,MPLADS-SYN-0421,2026-10-02,Work Not Started,Reported work not visible at site,19.038065,85.278171,Resolved,SYNTHETIC_PROTOTYPE
C-0423,MPLADS-SYN-0423,2026-10-06,Cost Concern,Reported work not visible at site,24.017242,85.28534,Open,SYNTHETIC_PROTOTYPE
C-0425,MPLADS-SYN-0425,2026-05-11,Work Not Started,Quality requires inspection,23.076634,86.593357,Under Review,SYNTHETIC_PROTOTYPE
C-0426,MPLADS-SYN-0426,2026-08-04,Work Quality,Quality requires inspection,23.666101,76.007799,Open,SYNTHETIC_PROTOTYPE
C-0427,MPLADS-SYN-0427,2027-02-13,Work Not Started,Reported work not visible at site,26.553136,85.900736,Resolved,SYNTHETIC_PROTOTYPE
C-0428,MPLADS-SYN-0428,2026-05-22,Work Quality,Reported work not visible at site,22.415024,85.81899,Resolved,SYNTHETIC_PROTOTYPE
C-0430,MPLADS-SYN-0430,2026-08-26,Work Not Started,Quality requires inspection,12.071863,84.756898,Resolved,SYNTHETIC_PROTOTYPE
C-0433,MPLADS-SYN-0433,2026-05-06,Work Not Started,Citizen requests verification,20.047837,79.413946,Open,SYNTHETIC_PROTOTYPE
C-0434,MPLADS-SYN-0434,2026-08-22,Cost Concern,Work appears slow,20.52428,86.641905,Resolved,SYNTHETIC_PROTOTYPE
C-0436,MPLADS-SYN-0436,2026-10-11,Duplicate Work Concern,Reported work not visible at site,23.01975,87.830721,Under Review,SYNTHETIC_PROTOTYPE
C-0439,MPLADS-SYN-0439,2026-10-07,Delay,Work appears slow,14.547944,77.564371,Resolved,SYNTHETIC_PROTOTYPE
C-0442,MPLADS-SYN-0442,2026-03-18,Work Quality,Reported work not visible at site,8.655405,72.655284,Resolved,SYNTHETIC_PROTOTYPE
C-0449,MPLADS-SYN-0449,2026-02-21,Delay,Quality requires inspection,20.664228,84.208553,Under Review,SYNTHETIC_PROTOTYPE
C-0450,MPLADS-SYN-0450,2027-02-02,Work Not Started,Work appears slow,24.349755,76.424885,Under Review,SYNTHETIC_PROTOTYPE
C-0452,MPLADS-SYN-0452,2026-11-28,Work Not Started,Citizen requests verification,11.20533,77.985216,Open,SYNTHETIC_PROTOTYPE
C-0453,MPLADS-SYN-0453,2027-01-07,Cost Concern,Work appears slow,28.17369,72.598706,Open,SYNTHETIC_PROTOTYPE
C-0454,MPLADS-SYN-0454,2026-10-20,Cost Concern,Citizen requests verification,15.655691,82.153009,Open,SYNTHETIC_PROTOTYPE
C-0459,MPLADS-SYN-0459,2026-09-19,Delay,Work appears slow,17.305536,72.599068,Under Review,SYNTHETIC_PROTOTYPE
C-0460,MPLADS-SYN-0460,2026-03-22,Work Not Started,Work appears slow,8.480231,77.759217,Under Review,SYNTHETIC_PROTOTYPE
C-0464,MPLADS-SYN-0464,2026-06-30,Work Not Started,Reported work not visible at site,16.065149,77.877574,Resolved,SYNTHETIC_PROTOTYPE
C-0466,MPLADS-SYN-0466,2026-09-22,Work Not Started,Work appears slow,17.193091,77.55648,Under Review,SYNTHETIC_PROTOTYPE
C-0467,MPLADS-SYN-0467,2026-06-13,Cost Concern,Citizen requests verification,12.443373,83.825233,Open,SYNTHETIC_PROTOTYPE
C-0468,MPLADS-SYN-0468,2026-09-14,Work Quality,Work appears slow,11.039272,80.343712,Resolved,SYNTHETIC_PROTOTYPE
C-0469,MPLADS-SYN-0469,2026-04-18,Work Not Started,Reported work not visible at site,17.935872,83.443986,Open,SYNTHETIC_PROTOTYPE
C-0474,MPLADS-SYN-0474,2026-02-24,Work Quality,Citizen requests verification,13.18487,75.577894,Resolved,SYNTHETIC_PROTOTYPE
C-0476,MPLADS-SYN-0476,2026-11-25,Duplicate Work Concern,Work appears slow,8.018245,73.228615,Open,SYNTHETIC_PROTOTYPE
C-0481,MPLADS-SYN-0481,2026-05-20,Delay,Quality requires inspection,15.03035,78.961923,Under Review,SYNTHETIC_PROTOTYPE
C-0484,MPLADS-SYN-0484,2026-09-09,Work Quality,Quality requires inspection,12.913658,82.631042,Resolved,SYNTHETIC_PROTOTYPE
C-0486,MPLADS-SYN-0486,2026-07-23,Duplicate Work Concern,Citizen requests verification,23.918744,76.90986,Resolved,SYNTHETIC_PROTOTYPE
C-0488,MPLADS-SYN-0488,2026-09-04,Work Quality,Quality requires inspection,14.417558,80.32475,Under Review,SYNTHETIC_PROTOTYPE
C-0491,MPLADS-SYN-0491,2026-05-01,Delay,Citizen requests verification,19.210671,74.232628,Resolved,SYNTHETIC_PROTOTYPE
C-0492,MPLADS-SYN-0492,2026-09-26,Work Quality,Work appears slow,22.491722,85.712932,Under Review,SYNTHETIC_PROTOTYPE
C-0497,MPLADS-SYN-0497,2026-07-26,Cost Concern,Quality requires inspection,12.401695,81.695363,Resolved,SYNTHETIC_PROTOTYPE
C-0501,MPLADS-SYN-0501,2026-03-09,Work Not Started,Reported work not visible at site,27.934148,80.497969,Under Review,SYNTHETIC_PROTOTYPE
C-0502,MPLADS-SYN-0502,2026-02-06,Delay,Reported work not visible at site,13.473909,82.62735,Resolved,SYNTHETIC_PROTOTYPE
C-0511,MPLADS-SYN-0511,2026-02-03,Work Not Started,Work appears slow,28.073623,87.758233,Resolved,SYNTHETIC_PROTOTYPE
C-0512,MPLADS-SYN-0512,2026-07-15,Duplicate Work Concern,Quality requires inspection,26.698781,78.940074,Open,SYNTHETIC_PROTOTYPE
C-0514,MPLADS-SYN-0514,2026-04-13,Cost Concern,Work appears slow,16.087197,80.714102,Under Review,SYNTHETIC_PROTOTYPE
C-0519,MPLADS-SYN-0519,2026-08-26,Cost Concern,Work appears slow,11.281362,81.447952,Under Review,SYNTHETIC_PROTOTYPE
C-0520,MPLADS-SYN-0520,2026-04-19,Delay,Work appears slow,11.401504,84.733097,Under Review,SYNTHETIC_PROTOTYPE
C-0525,MPLADS-SYN-0525,2026-07-11,Delay,Reported work not visible at site,25.005029,80.9357,Resolved,SYNTHETIC_PROTOTYPE
C-0526,MPLADS-SYN-0526,2026-03-22,Duplicate Work Concern,Work appears slow,9.785585,81.401612,Resolved,SYNTHETIC_PROTOTYPE
C-0536,MPLADS-SYN-0536,2026-05-13,Duplicate Work Concern,Reported work not visible at site,8.030593,87.501117,Open,SYNTHETIC_PROTOTYPE
C-0542,MPLADS-SYN-0542,2026-11-06,Work Quality,Work appears slow,15.866555,74.635821,Open,SYNTHETIC_PROTOTYPE
C-0544,MPLADS-SYN-0544,2026-08-24,Delay,Citizen requests verification,25.462094,77.125307,Resolved,SYNTHETIC_PROTOTYPE
C-0545,MPLADS-SYN-0545,2026-08-07,Work Not Started,Work appears slow,20.403038,73.212619,Open,SYNTHETIC_PROTOTYPE
C-0549,MPLADS-SYN-0549,2026-10-25,Cost Concern,Reported work not visible at site,10.826028,78.340093,Open,SYNTHETIC_PROTOTYPE
C-0550,MPLADS-SYN-0550,2026-06-28,Cost Concern,Quality requires inspection,28.26462,72.970377,Under Review,SYNTHETIC_PROTOTYPE
C-0551,MPLADS-SYN-0551,2026-03-05,Work Not Started,Citizen requests verification,10.477355,81.041013,Under Review,SYNTHETIC_PROTOTYPE
C-0552,MPLADS-SYN-0552,2026-05-10,Cost Concern,Quality requires inspection,12.724117,83.97575,Open,SYNTHETIC_PROTOTYPE
C-0554,MPLADS-SYN-0554,2026-04-02,Work Quality,Reported work not visible at site,13.927208,72.656736,Open,SYNTHETIC_PROTOTYPE
C-0557,MPLADS-SYN-0557,2026-04-18,Work Not Started,Quality requires inspection,8.818258,83.657838,Resolved,SYNTHETIC_PROTOTYPE
C-0564,MPLADS-SYN-0564,2027-02-27,Duplicate Work Concern,Citizen requests verification,21.455139,73.101473,Open,SYNTHETIC_PROTOTYPE
C-0567,MPLADS-SYN-0567,2026-09-12,Cost Concern,Work appears slow,12.211434,72.375281,Resolved,SYNTHETIC_PROTOTYPE
C-0573,MPLADS-SYN-0573,2026-05-15,Work Quality,Reported work not visible at site,10.756866,86.008391,Under Review,SYNTHETIC_PROTOTYPE
C-0574,MPLADS-SYN-0574,2026-09-09,Work Quality,Quality requires inspection,9.362303,81.646097,Open,SYNTHETIC_PROTOTYPE
C-0575,MPLADS-SYN-0575,2026-05-13,Delay,Reported work not visible at site,27.610599,73.09084,Under Review,SYNTHETIC_PROTOTYPE
C-0577,MPLADS-SYN-0577,2026-08-07,Work Quality,Reported work not visible at site,8.385883,77.384401,Under Review,SYNTHETIC_PROTOTYPE
C-0582,MPLADS-SYN-0582,2026-06-12,Delay,Citizen requests verification,10.41396,88.158724,Resolved,SYNTHETIC_PROTOTYPE
C-0583,MPLADS-SYN-0583,2026-08-31,Work Quality,Reported work not visible at site,9.811928,78.764055,Under Review,SYNTHETIC_PROTOTYPE
C-0588,MPLADS-SYN-0588,2026-08-12,Work Not Started,Quality requires inspection,18.348193,86.62635,Under Review,SYNTHETIC_PROTOTYPE
C-0589,MPLADS-SYN-0589,2026-09-03,Duplicate Work Concern,Reported work not visible at site,21.781198,88.306769,Under Review,SYNTHETIC_PROTOTYPE
C-0597,MPLADS-SYN-0597,2026-09-04,Delay,Work appears slow,23.17047,82.145473,Resolved,SYNTHETIC_PROTOTYPE
C-0600,MPLADS-SYN-0600,2026-08-14,Duplicate Work Concern,Reported work not visible at site,15.493227,78.471831,Under Review,SYNTHETIC_PROTOTYPE
C-0602,MPLADS-SYN-0602,2026-04-01,Delay,Reported work not visible at site,21.954536,87.624067,Open,SYNTHETIC_PROTOTYPE
C-0605,MPLADS-SYN-0605,2026-05-15,Delay,Citizen requests verification,10.115047,78.654254,Under Review,SYNTHETIC_PROTOTYPE
C-0612,MPLADS-SYN-0612,2026-07-11,Delay,Work appears slow,9.170149,82.641156,Resolved,SYNTHETIC_PROTOTYPE
C-0613,MPLADS-SYN-0613,2026-03-20,Duplicate Work Concern,Reported work not visible at site,22.479378,82.451361,Open,SYNTHETIC_PROTOTYPE
C-0614,MPLADS-SYN-0614,2026-04-02,Duplicate Work Concern,Reported work not visible at site,16.653646,75.840608,Under Review,SYNTHETIC_PROTOTYPE
C-0618,MPLADS-SYN-0618,2027-01-26,Duplicate Work Concern,Citizen requests verification,22.293783,77.390917,Open,SYNTHETIC_PROTOTYPE
C-0620,MPLADS-SYN-0620,2026-08-23,Work Quality,Work appears slow,12.039211,74.840927,Resolved,SYNTHETIC_PROTOTYPE
C-0622,MPLADS-SYN-0622,2026-04-24,Delay,Reported work not visible at site,9.608429,82.982447,Under Review,SYNTHETIC_PROTOTYPE
C-0624,MPLADS-SYN-0624,2026-04-02,Delay,Reported work not visible at site,9.172866,78.092401,Resolved,SYNTHETIC_PROTOTYPE
C-0625,MPLADS-SYN-0625,2026-07-26,Delay,Reported work not visible at site,19.982793,87.655542,Under Review,SYNTHETIC_PROTOTYPE
C-0626,MPLADS-SYN-0626,2026-06-07,Cost Concern,Citizen requests verification,25.43512,84.216193,Resolved,SYNTHETIC_PROTOTYPE
C-0629,MPLADS-SYN-0629,2026-04-11,Duplicate Work Concern,Quality requires inspection,23.445838,82.265098,Under Review,SYNTHETIC_PROTOTYPE
C-0635,MPLADS-SYN-0635,2026-07-11,Delay,Citizen requests verification,15.004734,78.94851,Under Review,SYNTHETIC_PROTOTYPE
C-0638,MPLADS-SYN-0638,2026-10-24,Work Quality,Citizen requests verification,17.005414,77.792785,Open,SYNTHETIC_PROTOTYPE
C-0644,MPLADS-SYN-0644,2026-10-05,Work Quality,Work appears slow,20.513142,75.439235,Open,SYNTHETIC_PROTOTYPE
C-0647,MPLADS-SYN-0647,2026-12-02,Work Not Started,Citizen requests verification,13.041348,87.738613,Resolved,SYNTHETIC_PROTOTYPE
C-0649,MPLADS-SYN-0649,2026-09-17,Work Not Started,Quality requires inspection,9.124611,73.107351,Under Review,SYNTHETIC_PROTOTYPE
C-0653,MPLADS-SYN-0653,2026-03-26,Delay,Citizen requests verification,27.919252,87.1429,Open,SYNTHETIC_PROTOTYPE
C-0654,MPLADS-SYN-0654,2026-04-19,Cost Concern,Reported work not visible at site,19.657429,74.294778,Under Review,SYNTHETIC_PROTOTYPE
C-0657,MPLADS-SYN-0657,2026-06-13,Duplicate Work Concern,Reported work not visible at site,23.445925,76.284309,Resolved,SYNTHETIC_PROTOTYPE
C-0658,MPLADS-SYN-0658,2026-06-27,Cost Concern,Quality requires inspection,18.543493,79.047785,Resolved,SYNTHETIC_PROTOTYPE
C-0659,MPLADS-SYN-0659,2026-10-23,Cost Concern,Citizen requests verification,14.626344,73.984663,Resolved,SYNTHETIC_PROTOTYPE
C-0660,MPLADS-SYN-0660,2026-02-05,Work Not Started,Reported work not visible at site,21.370012,74.560325,Resolved,SYNTHETIC_PROTOTYPE
C-0661,MPLADS-SYN-0661,2026-05-14,Delay,Reported work not visible at site,17.935317,76.412356,Under Review,SYNTHETIC_PROTOTYPE
C-0666,MPLADS-SYN-0666,2026-09-04,Delay,Reported work not visible at site,14.190444,72.030589,Open,SYNTHETIC_PROTOTYPE
C-0667,MPLADS-SYN-0667,2026-06-06,Cost Concern,Reported work not visible at site,16.864292,81.856963,Under Review,SYNTHETIC_PROTOTYPE
C-0668,MPLADS-SYN-0668,2026-05-08,Duplicate Work Concern,Reported work not visible at site,11.381413,82.479774,Open,SYNTHETIC_PROTOTYPE
C-0669,MPLADS-SYN-0669,2027-01-24,Work Quality,Reported work not visible at site,24.60958,83.092892,Under Review,SYNTHETIC_PROTOTYPE
C-0670,MPLADS-SYN-0670,2026-05-19,Delay,Work appears slow,10.958327,75.400051,Resolved,SYNTHETIC_PROTOTYPE
C-0672,MPLADS-SYN-0672,2026-09-21,Work Quality,Citizen requests verification,24.08472,76.125892,Under Review,SYNTHETIC_PROTOTYPE
C-0676,MPLADS-SYN-0676,2026-07-22,Work Not Started,Citizen requests verification,8.884826,77.007958,Under Review,SYNTHETIC_PROTOTYPE
C-0685,MPLADS-SYN-0685,2026-11-04,Work Not Started,Work appears slow,26.942651,79.163515,Under Review,SYNTHETIC_PROTOTYPE
C-0692,MPLADS-SYN-0692,2026-12-12,Delay,Citizen requests verification,16.61242,79.348871,Resolved,SYNTHETIC_PROTOTYPE
C-0702,MPLADS-SYN-0702,2026-01-21,Cost Concern,Citizen requests verification,16.321967,77.481027,Under Review,SYNTHETIC_PROTOTYPE
C-0704,MPLADS-SYN-0704,2026-12-24,Cost Concern,Work appears slow,22.745532,83.839258,Open,SYNTHETIC_PROTOTYPE
C-0705,MPLADS-SYN-0705,2026-05-02,Delay,Citizen requests verification,17.480994,74.068363,Open,SYNTHETIC_PROTOTYPE
C-0709,MPLADS-SYN-0709,2026-08-21,Work Quality,Citizen requests verification,13.707756,87.865377,Open,SYNTHETIC_PROTOTYPE
C-0710,MPLADS-SYN-0710,2026-06-02,Cost Concern,Citizen requests verification,8.459037,74.405786,Under Review,SYNTHETIC_PROTOTYPE
C-0715,MPLADS-SYN-0715,2026-07-02,Delay,Work appears slow,11.332679,82.90019,Open,SYNTHETIC_PROTOTYPE
C-0716,MPLADS-SYN-0716,2026-09-04,Work Not Started,Quality requires inspection,27.872336,72.327661,Under Review,SYNTHETIC_PROTOTYPE
C-0718,MPLADS-SYN-0718,2026-04-30,Work Quality,Work appears slow,22.976561,81.443628,Open,SYNTHETIC_PROTOTYPE
C-0721,MPLADS-SYN-0721,2026-05-05,Cost Concern,Quality requires inspection,11.250046,75.924905,Under Review,SYNTHETIC_PROTOTYPE
C-0722,MPLADS-SYN-0722,2026-07-09,Delay,Quality requires inspection,11.02272,83.169808,Under Review,SYNTHETIC_PROTOTYPE
C-0724,MPLADS-SYN-0724,2026-07-26,Delay,Reported work not visible at site,8.793106,75.418417,Resolved,SYNTHETIC_PROTOTYPE
C-0732,MPLADS-SYN-0732,2026-10-18,Work Quality,Quality requires inspection,23.680252,77.237482,Open,SYNTHETIC_PROTOTYPE
C-0733,MPLADS-SYN-0733,2026-08-10,Delay,Quality requires inspection,24.863756,80.531019,Under Review,SYNTHETIC_PROTOTYPE
C-0746,MPLADS-SYN-0746,2026-07-19,Work Quality,Work appears slow,22.58427,81.54508,Under Review,SYNTHETIC_PROTOTYPE
C-0747,MPLADS-SYN-0747,2026-07-23,Cost Concern,Work appears slow,27.640438,73.266007,Resolved,SYNTHETIC_PROTOTYPE
C-0752,MPLADS-SYN-0752,2026-06-08,Cost Concern,Reported work not visible at site,24.544399,75.275551,Under Review,SYNTHETIC_PROTOTYPE
C-0756,MPLADS-SYN-0756,2026-07-13,Delay,Quality requires inspection,27.488736,79.792857,Under Review,SYNTHETIC_PROTOTYPE
C-0760,MPLADS-SYN-0760,2026-10-20,Cost Concern,Reported work not visible at site,19.835559,72.058072,Resolved,SYNTHETIC_PROTOTYPE
C-0762,MPLADS-SYN-0762,2026-05-12,Cost Concern,Work appears slow,12.701782,79.780912,Resolved,SYNTHETIC_PROTOTYPE
C-0764,MPLADS-SYN-0764,2026-05-06,Cost Concern,Reported work not visible at site,26.660619,79.734337,Under Review,SYNTHETIC_PROTOTYPE
C-0765,MPLADS-SYN-0765,2026-04-07,Work Not Started,Reported work not visible at site,14.864754,77.120156,Under Review,SYNTHETIC_PROTOTYPE
C-0766,MPLADS-SYN-0766,2026-07-10,Work Not Started,Quality requires inspection,17.456384,83.87676,Resolved,SYNTHETIC_PROTOTYPE
C-0767,MPLADS-SYN-0767,2026-04-29,Work Not Started,Citizen requests verification,26.828119,76.830163,Open,SYNTHETIC_PROTOTYPE
C-0774,MPLADS-SYN-0774,2026-04-04,Cost Concern,Quality requires inspection,11.346239,73.07445,Under Review,SYNTHETIC_PROTOTYPE
C-0775,MPLADS-SYN-0775,2027-02-06,Cost Concern,Work appears slow,22.028782,82.522915,Open,SYNTHETIC_PROTOTYPE
C-0778,MPLADS-SYN-0778,2026-02-27,Work Quality,Work appears slow,26.889526,81.54747,Resolved,SYNTHETIC_PROTOTYPE
C-0788,MPLADS-SYN-0788,2026-07-25,Work Not Started,Citizen requests verification,15.932589,81.338168,Resolved,SYNTHETIC_PROTOTYPE
C-0789,MPLADS-SYN-0789,2026-12-16,Duplicate Work Concern,Quality requires inspection,27.454189,87.111772,Under Review,SYNTHETIC_PROTOTYPE
C-0796,MPLADS-SYN-0796,2026-02-13,Work Not Started,Work appears slow,10.406586,77.826253,Open,SYNTHETIC_PROTOTYPE
C-0798,MPLADS-SYN-0798,2026-04-13,Duplicate Work Concern,Work appears slow,13.776796,84.200973,Resolved,SYNTHETIC_PROTOTYPE
C-0803,MPLADS-SYN-0803,2026-09-03,Work Not Started,Reported work not visible at site,18.635491,87.569662,Under Review,SYNTHETIC_PROTOTYPE
C-0804,MPLADS-SYN-0804,2026-08-10,Work Quality,Reported work not visible at site,19.268616,79.317883,Open,SYNTHETIC_PROTOTYPE
C-0805,MPLADS-SYN-0805,2026-06-24,Work Not Started,Quality requires inspection,25.215518,81.511863,Under Review,SYNTHETIC_PROTOTYPE
C-0806,MPLADS-SYN-0806,2027-01-24,Duplicate Work Concern,Citizen requests verification,26.176966,77.565672,Open,SYNTHETIC_PROTOTYPE
C-0807,MPLADS-SYN-0807,2026-04-10,Work Quality,Reported work not visible at site,19.220681,72.819539,Under Review,SYNTHETIC_PROTOTYPE
C-0810,MPLADS-SYN-0810,2026-03-03,Work Not Started,Reported work not visible at site,25.332201,87.137751,Resolved,SYNTHETIC_PROTOTYPE
C-0812,MPLADS-SYN-0812,2026-07-08,Work Quality,Reported work not visible at site,8.135202,79.95341,Resolved,SYNTHETIC_PROTOTYPE
C-0813,MPLADS-SYN-0813,2026-08-06,Work Not Started,Work appears slow,12.853014,83.376283,Resolved,SYNTHETIC_PROTOTYPE
C-0814,MPLADS-SYN-0814,2026-09-03,Work Quality,Citizen requests verification,16.036485,86.344601,Open,SYNTHETIC_PROTOTYPE
C-0819,MPLADS-SYN-0819,2026-08-14,Duplicate Work Concern,Work appears slow,23.540657,82.6969,Resolved,SYNTHETIC_PROTOTYPE
C-0825,MPLADS-SYN-0825,2026-05-29,Work Quality,Reported work not visible at site,11.824073,85.187895,Resolved,SYNTHETIC_PROTOTYPE
C-0826,MPLADS-SYN-0826,2026-09-23,Cost Concern,Citizen requests verification,28.480187,74.610508,Resolved,SYNTHETIC_PROTOTYPE
C-0829,MPLADS-SYN-0829,2026-02-18,Duplicate Work Concern,Quality requires inspection,22.826102,81.102006,Under Review,SYNTHETIC_PROTOTYPE
C-0830,MPLADS-SYN-0830,2026-06-22,Cost Concern,Citizen requests verification,21.52004,77.848537,Under Review,SYNTHETIC_PROTOTYPE
C-0831,MPLADS-SYN-0831,2026-06-21,Work Not Started,Quality requires inspection,23.206026,86.049656,Open,SYNTHETIC_PROTOTYPE
C-0833,MPLADS-SYN-0833,2026-08-21,Cost Concern,Quality requires inspection,14.894136,77.509179,Under Review,SYNTHETIC_PROTOTYPE
C-0836,MPLADS-SYN-0836,2026-03-26,Work Quality,Quality requires inspection,8.186753,76.576114,Under Review,SYNTHETIC_PROTOTYPE
C-0841,MPLADS-SYN-0841,2026-09-09,Cost Concern,Reported work not visible at site,20.010702,86.561759,Open,SYNTHETIC_PROTOTYPE
C-0850,MPLADS-SYN-0850,2026-03-14,Cost Concern,Reported work not visible at site,21.388491,79.423548,Resolved,SYNTHETIC_PROTOTYPE
C-0851,MPLADS-SYN-0851,2026-08-03,Cost Concern,Work appears slow,15.464248,86.702086,Resolved,SYNTHETIC_PROTOTYPE
C-0854,MPLADS-SYN-0854,2026-05-31,Delay,Work appears slow,8.48772,79.608204,Under Review,SYNTHETIC_PROTOTYPE
C-0871,MPLADS-SYN-0871,2026-04-05,Delay,Citizen requests verification,12.408692,80.267515,Open,SYNTHETIC_PROTOTYPE
C-0872,MPLADS-SYN-0872,2026-04-03,Cost Concern,Work appears slow,10.15503,81.602168,Open,SYNTHETIC_PROTOTYPE
C-0874,MPLADS-SYN-0874,2026-05-03,Work Quality,Citizen requests verification,18.128972,72.439562,Open,SYNTHETIC_PROTOTYPE
C-0876,MPLADS-SYN-0876,2027-02-10,Duplicate Work Concern,Work appears slow,27.061327,74.268214,Open,SYNTHETIC_PROTOTYPE
C-0877,MPLADS-SYN-0877,2027-01-18,Cost Concern,Citizen requests verification,25.586233,81.350823,Under Review,SYNTHETIC_PROTOTYPE
C-0878,MPLADS-SYN-0878,2026-07-30,Work Quality,Quality requires inspection,9.539676,86.841918,Open,SYNTHETIC_PROTOTYPE
C-0882,MPLADS-SYN-0882,2026-12-14,Work Quality,Work appears slow,18.829757,80.181262,Resolved,SYNTHETIC_PROTOTYPE
C-0883,MPLADS-SYN-0883,2026-07-27,Duplicate Work Concern,Work appears slow,21.952891,88.143491,Open,SYNTHETIC_PROTOTYPE
C-0887,MPLADS-SYN-0887,2026-05-02,Work Not Started,Work appears slow,9.246831,77.760931,Resolved,SYNTHETIC_PROTOTYPE
C-0899,MPLADS-SYN-0899,2026-05-12,Delay,Quality requires inspection,22.241464,78.28606,Resolved,SYNTHETIC_PROTOTYPE
C-0901,MPLADS-SYN-0901,2026-09-19,Duplicate Work Concern,Work appears slow,9.373693,83.56755,Under Review,SYNTHETIC_PROTOTYPE
C-0903,MPLADS-SYN-0903,2026-12-04,Duplicate Work Concern,Citizen requests verification,15.86386,72.25178,Open,SYNTHETIC_PROTOTYPE
C-0906,MPLADS-SYN-0906,2026-07-16,Duplicate Work Concern,Work appears slow,22.535211,82.407681,Under Review,SYNTHETIC_PROTOTYPE
C-0907,MPLADS-SYN-0907,2026-05-22,Duplicate Work Concern,Reported work not visible at site,19.115579,79.385005,Resolved,SYNTHETIC_PROTOTYPE
C-0908,MPLADS-SYN-0908,2026-02-19,Duplicate Work Concern,Citizen requests verification,19.463707,81.090119,Open,SYNTHETIC_PROTOTYPE
C-0910,MPLADS-SYN-0910,2026-02-15,Duplicate Work Concern,Reported work not visible at site,15.487694,73.719063,Open,SYNTHETIC_PROTOTYPE
C-0911,MPLADS-SYN-0911,2026-09-05,Delay,Citizen requests verification,13.004742,82.290623,Resolved,SYNTHETIC_PROTOTYPE
C-0914,MPLADS-SYN-0914,2026-06-02,Duplicate Work Concern,Work appears slow,22.046004,80.64238,Under Review,SYNTHETIC_PROTOTYPE
C-0915,MPLADS-SYN-0915,2026-05-20,Delay,Quality requires inspection,25.598284,83.215219,Under Review,SYNTHETIC_PROTOTYPE
C-0920,MPLADS-SYN-0920,2026-03-05,Work Quality,Quality requires inspection,14.455964,81.192158,Resolved,SYNTHETIC_PROTOTYPE
C-0922,MPLADS-SYN-0922,2026-07-31,Work Quality,Quality requires inspection,27.173047,75.580436,Resolved,SYNTHETIC_PROTOTYPE
C-0923,MPLADS-SYN-0923,2026-12-01,Work Not Started,Citizen requests verification,9.908122,76.189253,Under Review,SYNTHETIC_PROTOTYPE
C-0927,MPLADS-SYN-0927,2026-08-20,Cost Concern,Work appears slow,22.397122,87.508762,Under Review,SYNTHETIC_PROTOTYPE
C-0929,MPLADS-SYN-0929,2026-06-15,Work Quality,Citizen requests verification,14.335744,78.945578,Open,SYNTHETIC_PROTOTYPE
C-0931,MPLADS-SYN-0931,2026-05-19,Work Quality,Quality requires inspection,8.618258,72.181858,Resolved,SYNTHETIC_PROTOTYPE
C-0932,MPLADS-SYN-0932,2026-08-23,Work Quality,Citizen requests verification,25.120854,74.847854,Open,SYNTHETIC_PROTOTYPE
C-0934,MPLADS-SYN-0934,2026-08-14,Cost Concern,Citizen requests verification,24.884941,79.128507,Open,SYNTHETIC_PROTOTYPE
C-0935,MPLADS-SYN-0935,2026-10-07,Duplicate Work Concern,Work appears slow,24.058981,76.346229,Resolved,SYNTHETIC_PROTOTYPE
C-0942,MPLADS-SYN-0942,2026-08-09,Delay,Work appears slow,27.531901,77.480132,Resolved,SYNTHETIC_PROTOTYPE
C-0947,MPLADS-SYN-0947,2026-05-22,Work Not Started,Reported work not visible at site,10.97434,87.272597,Open,SYNTHETIC_PROTOTYPE
C-0959,MPLADS-SYN-0959,2026-04-29,Work Quality,Quality requires inspection,14.887367,78.826265,Under Review,SYNTHETIC_PROTOTYPE
C-0961,MPLADS-SYN-0961,2026-09-03,Work Not Started,Citizen requests verification,22.267849,86.77695,Resolved,SYNTHETIC_PROTOTYPE
C-0964,MPLADS-SYN-0964,2026-12-06,Cost Concern,Quality requires inspection,20.974825,81.892569,Open,SYNTHETIC_PROTOTYPE
C-0967,MPLADS-SYN-0967,2026-09-24,Cost Concern,Work appears slow,14.033173,83.31977,Open,SYNTHETIC_PROTOTYPE
C-0970,MPLADS-SYN-0970,2026-03-10,Work Not Started,Reported work not visible at site,21.172943,75.033715,Open,SYNTHETIC_PROTOTYPE
C-0972,MPLADS-SYN-0972,2026-07-09,Cost Concern,Work appears slow,14.381833,81.900758,Open,SYNTHETIC_PROTOTYPE
C-0978,MPLADS-SYN-0978,2026-04-10,Work Not Started,Reported work not visible at site,25.990086,82.872505,Under Review,SYNTHETIC_PROTOTYPE
C-0979,MPLADS-SYN-0979,2026-09-01,Cost Concern,Work appears slow,22.164567,75.518917,Resolved,SYNTHETIC_PROTOTYPE
C-0980,MPLADS-SYN-0980,2026-04-23,Duplicate Work Concern,Reported work not visible at site,15.607843,82.795793,Resolved,SYNTHETIC_PROTOTYPE
C-0982,MPLADS-SYN-0982,2026-07-27,Work Quality,Quality requires inspection,21.452416,78.498488,Open,SYNTHETIC_PROTOTYPE
C-0990,MPLADS-SYN-0990,2026-08-23,Work Not Started,Quality requires inspection,17.770284,85.411447,Under Review,SYNTHETIC_PROTOTYPE
C-0991,MPLADS-SYN-0991,2026-04-23,Cost Concern,Quality requires inspection,21.244164,85.180732,Under Review,SYNTHETIC_PROTOTYPE
C-0993,MPLADS-SYN-0993,2026-10-08,Work Not Started,Quality requires inspection,27.897158,82.911891,Under Review,SYNTHETIC_PROTOTYPE
C-0994,MPLADS-SYN-0994,2026-04-30,Duplicate Work Concern,Citizen requests verification,20.970901,76.486204,Under Review,SYNTHETIC_PROTOTYPE
