inspection_id,project_id,inspection_date,inspection_type,inspector_name,physical_progress_verified,financial_progress_verified,gps_verified,evidence_verified,outcome,remarks
INS-00001,MPLADS-SYN-0522,2026-05-24,Routine,Inspector 3,96.14,46.18,True,False,Satisfactory,Minor documentation gap
INS-00002,MPLADS-SYN-0738,2026-05-27,Milestone,Inspector 5,64.39,80.75,False,True,Needs Improvement,Site verification required
INS-00003,MPLADS-SYN-0741,2027-02-01,Completion,Inspector 13,64.56,23.91,False,False,Satisfactory,Site verification required
INS-00004,MPLADS-SYN-0661,2026-08-01,Routine,Inspector 26,32.14,60.49,True,True,Satisfactory,Work progressing as reported
INS-00005,MPLADS-SYN-0412,2026-10-02,Milestone,Inspector 30,37.8,20.4,True,True,Satisfactory,No major issue observed
INS-00006,MPLADS-SYN-0679,2026-10-14,Surprise,Inspector 26,60.1,51.93,False,True,Satisfactory,Work progressing as reported
INS-00007,MPLADS-SYN-0627,2026-07-04,Surprise,Inspector 9,68.67,21.26,True,False,Needs Improvement,Minor documentation gap
INS-00008,MPLADS-SYN-0514,2026-07-19,Completion,Inspector 16,82.69,94.51,True,False,Satisfactory,Minor documentation gap
INS-00009,MPLADS-SYN-0860,2026-09-23,Routine,Inspector 21,40.32,36.5,False,True,Satisfactory,Work progressing as reported
INS-00010,MPLADS-SYN-0137,2026-07-05,Surprise,Inspector 14,43.11,70.12,False,True,Satisfactory,Site verification required
INS-00011,MPLADS-SYN-0812,2026-11-18,Milestone,Inspector 3,30.07,95.94,True,False,Satisfactory,Minor documentation gap
INS-00012,MPLADS-SYN-0077,2026-07-25,Routine,Inspector 22,24.95,47.21,True,False,Satisfactory,Minor documentation gap
INS-00013,MPLADS-SYN-0637,2026-06-14,Completion,Inspector 6,74.67,37.4,False,True,Satisfactory,No major issue observed
INS-00014,MPLADS-SYN-0974,2026-07-18,Surprise,Inspector 24,62.33,55.66,False,True,Needs Improvement,No major issue observed
INS-00015,MPLADS-SYN-0939,2026-11-15,Routine,Inspector 20,38.08,56.49,True,True,Satisfactory,Work progressing as reported
INS-00016,MPLADS-SYN-0900,2026-09-21,Surprise,Inspector 4,69.7,68.32,True,True,Needs Improvement,Minor documentation gap
INS-00017,MPLADS-SYN-0281,2026-09-20,Completion,Inspector 30,53.41,63.32,False,False,Satisfactory,Minor documentation gap
INS-00018,MPLADS-SYN-0884,2026-06-15,Completion,Inspector 9,60.04,54.75,True,True,Needs Improvement,Work progressing as reported
INS-00019,MPLADS-SYN-0762,2026-09-04,Surprise,Inspector 11,4.85,69.02,False,False,Satisfactory,Minor documentation gap
INS-00020,MPLADS-SYN-0320,2027-01-11,Milestone,Inspector 25,40.91,57.66,True,True,Needs Improvement,Site verification required
INS-00021,MPLADS-SYN-0550,2026-09-01,Milestone,Inspector 24,37.04,66.58,False,True,Satisfactory,No major issue observed
INS-00022,MPLADS-SYN-0175,2026-12-16,Surprise,Inspector 28,54.8,36.84,False,True,Satisfactory,No major issue observed
INS-00023,MPLADS-SYN-0372,2026-06-15,Routine,Inspector 4,38.97,46.64,True,True,Satisfactory,No major issue observed
INS-00024,MPLADS-SYN-0528,2026-07-20,Surprise,Inspector 8,84.61,85.49,False,True,Needs Improvement,No major issue observed
INS-00025,MPLADS-SYN-0211,2026-05-19,Surprise,Inspector 12,54.49,60.04,True,True,Satisfactory,Work progressing as reported
INS-00026,MPLADS-SYN-0236,2026-08-01,Surprise,Inspector 21,64.46,70.71,True,True,Needs Improvement,No major issue observed
INS-00027,MPLADS-SYN-0102,2026-07-30,Surprise,Inspector 15,68.42,73.22,True,True,Needs Improvement,Minor documentation gap
INS-00028,MPLADS-SYN-0987,2026-11-25,Surprise,Inspector 12,81.84,86.72,False,False,Needs Improvement,Site verification required
INS-00029,MPLADS-SYN-0903,2026-11-26,Completion,Inspector 12,90.85,27.82,True,True,Needs Improvement,Work progressing as reported
INS-00030,MPLADS-SYN-0948,2026-03-26,Routine,Inspector 25,68.09,33.41,True,False,Needs Improvement,Site verification required
INS-00031,MPLADS-SYN-0347,2026-06-03,Surprise,Inspector 1,72.44,40.13,False,True,Satisfactory,Work progressing as reported
INS-00032,MPLADS-SYN-0140,2026-05-11,Completion,Inspector 24,69.95,85.64,True,True,Follow-up Required,Work progressing as reported
INS-00033,MPLADS-SYN-0622,2026-08-10,Surprise,Inspector 19,39.44,23.34,False,True,Needs Improvement,No major issue observed
INS-00034,MPLADS-SYN-0500,2026-10-18,Completion,Inspector 2,67.96,22.03,False,True,Needs Improvement,Work progressing as reported
INS-00035,MPLADS-SYN-0371,2026-06-18,Completion,Inspector 12,91.85,22.5,True,True,Satisfactory,No major issue observed
INS-00036,MPLADS-SYN-0199,2026-12-11,Completion,Inspector 15,53.16,71.7,False,True,Satisfactory,No major issue observed
INS-00037,MPLADS-SYN-0688,2026-09-29,Milestone,Inspector 17,68.0,74.39,True,False,Follow-up Required,Minor documentation gap
INS-00038,MPLADS-SYN-0585,2026-03-06,Milestone,Inspector 22,77.79,83.32,False,True,Needs Improvement,No major issue observed
INS-00039,MPLADS-SYN-0902,2026-10-02,Surprise,Inspector 7,58.65,58.94,True,True,Satisfactory,Site verification required
INS-00040,MPLADS-SYN-0060,2027-03-17,Routine,Inspector 16,29.92,30.25,False,False,Follow-up Required,Minor documentation gap
INS-00041,MPLADS-SYN-0329,2026-10-02,Milestone,Inspector 8,71.81,85.62,True,False,Satisfactory,Work progressing as reported
INS-00042,MPLADS-SYN-0097,2026-03-30,Milestone,Inspector 2,78.66,92.86,True,True,Needs Improvement,No major issue observed
INS-00043,MPLADS-SYN-0313,2026-10-23,Milestone,Inspector 14,37.48,73.79,True,True,Needs Improvement,No major issue observed
INS-00044,MPLADS-SYN-0975,2026-08-13,Completion,Inspector 25,52.12,25.0,False,True,Follow-up Required,Work progressing as reported
INS-00045,MPLADS-SYN-0300,2026-08-07,Routine,Inspector 30,68.3,77.67,True,False,Satisfactory,No major issue observed
INS-00046,MPLADS-SYN-0278,2026-05-15,Completion,Inspector 27,83.4,33.93,True,True,Satisfactory,No major issue observed
INS-00047,MPLADS-SYN-0925,2026-06-16,Surprise,Inspector 23,93.45,25.46,False,False,Follow-up Required,No major issue observed
INS-00048,MPLADS-SYN-0602,2026-07-20,Routine,Inspector 26,23.02,30.27,True,True,Satisfactory,Work progressing as reported
INS-00049,MPLADS-SYN-0440,2026-04-14,Surprise,Inspector 28,33.55,50.21,True,False,Satisfactory,No major issue observed
INS-00050,MPLADS-SYN-0838,2026-12-26,Surprise,Inspector 26,88.9,44.49,True,True,Satisfactory,Site verification required
INS-00051,MPLADS-SYN-0571,2027-01-08,Completion,Inspector 30,48.96,37.18,True,False,Needs Improvement,Site verification required
INS-00052,MPLADS-SYN-0880,2026-07-18,Routine,Inspector 4,62.33,83.78,False,False,Needs Improvement,Site verification required
INS-00053,MPLADS-SYN-0262,2026-07-08,Completion,Inspector 30,58.2,60.9,True,False,Satisfactory,Site verification required
INS-00054,MPLADS-SYN-0579,2026-10-26,Milestone,Inspector 18,76.21,71.48,True,False,Satisfactory,Minor documentation gap
INS-00055,MPLADS-SYN-0024,2026-06-12,Surprise,Inspector 25,12.6,82.29,True,True,Follow-up Required,Work progressing as reported
INS-00056,MPLADS-SYN-0031,2026-10-10,Milestone,Inspector 6,29.45,25.96,False,False,Follow-up Required,Minor documentation gap
INS-00057,MPLADS-SYN-0618,2026-11-12,Surprise,Inspector 9,27.6,91.95,True,True,Satisfactory,No major issue observed
INS-00058,MPLADS-SYN-0011,2026-08-27,Completion,Inspector 1,65.13,60.65,True,True,Satisfactory,No major issue observed
INS-00059,MPLADS-SYN-0222,2026-11-23,Routine,Inspector 14,79.58,58.65,True,False,Satisfactory,Minor documentation gap
INS-00060,MPLADS-SYN-0821,2026-12-31,Completion,Inspector 5,50.85,49.85,True,True,Follow-up Required,No major issue observed
INS-00061,MPLADS-SYN-0297,2027-02-26,Completion,Inspector 6,54.34,59.92,True,True,Satisfactory,No major issue observed
INS-00062,MPLADS-SYN-0055,2026-07-09,Surprise,Inspector 4,35.02,85.11,True,True,Satisfactory,Minor documentation gap
INS-00063,MPLADS-SYN-0543,2026-12-03,Completion,Inspector 28,43.76,46.28,True,True,Satisfactory,No major issue observed
INS-00064,MPLADS-SYN-0210,2026-08-13,Routine,Inspector 19,65.81,52.1,True,False,Needs Improvement,Minor documentation gap
INS-00065,MPLADS-SYN-0605,2026-10-04,Completion,Inspector 26,50.59,83.69,False,True,Satisfactory,No major issue observed
INS-00066,MPLADS-SYN-0693,2026-12-25,Milestone,Inspector 10,29.09,85.15,True,False,Satisfactory,No major issue observed
INS-00067,MPLADS-SYN-0663,2026-12-10,Routine,Inspector 18,69.11,89.07,False,False,Satisfactory,Work progressing as reported
INS-00068,MPLADS-SYN-0867,2026-04-06,Milestone,Inspector 19,40.26,96.36,True,True,Follow-up Required,Minor documentation gap
INS-00069,MPLADS-SYN-0071,2026-06-13,Milestone,Inspector 3,78.57,71.01,True,False,Needs Improvement,Minor documentation gap
INS-00070,MPLADS-SYN-0544,2027-01-08,Milestone,Inspector 13,37.73,31.25,True,True,Needs Improvement,Work progressing as reported
INS-00071,MPLADS-SYN-0108,2026-08-31,Surprise,Inspector 26,62.42,20.84,False,True,Follow-up Required,Minor documentation gap
INS-00072,MPLADS-SYN-0494,2026-12-17,Milestone,Inspector 25,70.06,43.84,False,False,Needs Improvement,Work progressing as reported
INS-00073,MPLADS-SYN-0591,2026-03-24,Surprise,Inspector 15,86.83,84.27,True,True,Follow-up Required,Site verification required
INS-00074,MPLADS-SYN-0742,2026-06-08,Completion,Inspector 19,59.48,75.22,True,True,Needs Improvement,Work progressing as reported
INS-00075,MPLADS-SYN-0293,2026-08-29,Surprise,Inspector 2,60.52,81.21,True,False,Satisfactory,Minor documentation gap
INS-00076,MPLADS-SYN-0290,2026-10-02,Surprise,Inspector 12,40.21,70.78,False,True,Satisfactory,Work progressing as reported
INS-00077,MPLADS-SYN-0653,2026-05-17,Completion,Inspector 4,28.88,59.44,True,False,Needs Improvement,Work progressing as reported
INS-00078,MPLADS-SYN-0040,2026-04-13,Surprise,Inspector 14,51.01,92.6,False,True,Satisfactory,Work progressing as reported
INS-00079,MPLADS-SYN-0590,2026-07-17,Completion,Inspector 1,39.28,97.05,True,False,Needs Improvement,Minor documentation gap
INS-00080,MPLADS-SYN-0308,2026-11-18,Milestone,Inspector 8,26.17,64.69,True,False,Needs Improvement,No major issue observed
INS-00081,MPLADS-SYN-0680,2027-02-28,Completion,Inspector 15,54.85,54.85,True,True,Follow-up Required,No major issue observed
INS-00082,MPLADS-SYN-0067,2026-09-03,Surprise,Inspector 11,80.07,72.48,False,False,Satisfactory,No major issue observed
INS-00083,MPLADS-SYN-0276,2026-08-24,Routine,Inspector 21,53.2,80.82,True,True,Satisfactory,Minor documentation gap
INS-00084,MPLADS-SYN-0068,2026-06-16,Completion,Inspector 24,66.26,78.02,True,True,Needs Improvement,Site verification required
INS-00085,MPLADS-SYN-0319,2026-07-30,Routine,Inspector 10,48.69,91.75,True,False,Satisfactory,Site verification required
INS-00086,MPLADS-SYN-0549,2027-01-26,Milestone,Inspector 27,17.87,27.42,True,True,Follow-up Required,Work progressing as reported
INS-00087,MPLADS-SYN-0999,2026-05-01,Milestone,Inspector 16,57.82,67.55,False,True,Needs Improvement,Site verification required
INS-00088,MPLADS-SYN-0715,2027-01-27,Completion,Inspector 27,72.88,28.6,True,False,Follow-up Required,No major issue observed
INS-00089,MPLADS-SYN-0754,2026-09-12,Completion,Inspector 12,53.64,79.45,True,True,Needs Improvement,No major issue observed
INS-00090,MPLADS-SYN-0328,2026-10-28,Milestone,Inspector 6,45.2,66.13,True,False,Follow-up Required,Site verification required
INS-00091,MPLADS-SYN-0383,2026-09-14,Milestone,Inspector 19,75.17,60.6,False,True,Satisfactory,Site verification required
INS-00092,MPLADS-SYN-0452,2027-03-10,Routine,Inspector 27,35.94,77.89,False,False,Follow-up Required,Minor documentation gap
INS-00093,MPLADS-SYN-0523,2026-11-23,Routine,Inspector 7,79.31,94.52,False,True,Follow-up Required,Work progressing as reported
INS-00094,MPLADS-SYN-0219,2027-02-16,Completion,Inspector 29,56.3,67.69,True,True,Follow-up Required,Minor documentation gap
INS-00095,MPLADS-SYN-0788,2026-08-24,Milestone,Inspector 13,72.57,57.47,True,False,Follow-up Required,No major issue observed
INS-00096,MPLADS-SYN-0437,2026-06-26,Routine,Inspector 15,53.15,99.07,True,True,Satisfactory,No major issue observed
INS-00097,MPLADS-SYN-0765,2026-05-09,Routine,Inspector 14,39.63,92.08,True,True,Satisfactory,Minor documentation gap
INS-00098,MPLADS-SYN-0089,2026-10-16,Milestone,Inspector 22,74.07,39.35,True,True,Satisfactory,Minor documentation gap
INS-00099,MPLADS-SYN-0064,2026-07-10,Completion,Inspector 1,84.6,85.15,True,True,Needs Improvement,Site verification required
INS-00100,MPLADS-SYN-0827,2026-08-11,Routine,Inspector 13,91.79,72.35,True,True,Satisfactory,No major issue observed
INS-00101,MPLADS-SYN-0717,2026-11-08,Surprise,Inspector 25,78.25,44.44,True,False,Follow-up Required,Site verification required
INS-00102,MPLADS-SYN-0352,2026-09-11,Routine,Inspector 2,62.57,88.92,True,True,Follow-up Required,Site verification required
INS-00103,MPLADS-SYN-0937,2026-09-01,Surprise,Inspector 8,64.71,96.95,False,False,Follow-up Required,Work progressing as reported
INS-00104,MPLADS-SYN-0257,2026-08-11,Surprise,Inspector 12,17.41,92.36,False,True,Satisfactory,Site verification required
INS-00105,MPLADS-SYN-0636,2026-11-21,Completion,Inspector 25,83.89,97.65,True,True,Follow-up Required,Work progressing as reported
INS-00106,MPLADS-SYN-0645,2026-10-08,Completion,Inspector 18,41.35,74.3,True,True,Follow-up Required,Minor documentation gap
INS-00107,MPLADS-SYN-0555,2026-07-28,Milestone,Inspector 29,79.2,58.44,True,False,Satisfactory,Site verification required
INS-00108,MPLADS-SYN-0960,2027-02-13,Completion,Inspector 30,37.34,67.35,False,False,Follow-up Required,Minor documentation gap
INS-00109,MPLADS-SYN-0169,2026-08-17,Completion,Inspector 6,85.71,61.55,True,False,Follow-up Required,Work progressing as reported
INS-00110,MPLADS-SYN-0918,2026-05-17,Surprise,Inspector 19,40.8,52.7,False,True,Satisfactory,No major issue observed
INS-00111,MPLADS-SYN-0529,2026-12-09,Surprise,Inspector 10,77.84,20.67,True,True,Follow-up Required,Work progressing as reported
INS-00112,MPLADS-SYN-0824,2026-06-24,Routine,Inspector 11,85.26,23.31,False,True,Satisfactory,Site verification required
INS-00113,MPLADS-SYN-0986,2026-05-16,Milestone,Inspector 1,88.35,32.74,False,False,Satisfactory,Work progressing as reported
INS-00114,MPLADS-SYN-0817,2026-08-10,Surprise,Inspector 10,66.87,41.73,True,True,Follow-up Required,No major issue observed
INS-00115,MPLADS-SYN-0087,2027-02-15,Routine,Inspector 2,51.9,41.52,True,True,Satisfactory,No major issue observed
INS-00116,MPLADS-SYN-0433,2026-07-09,Routine,Inspector 12,15.74,74.48,False,True,Satisfactory,Site verification required
INS-00117,MPLADS-SYN-0185,2026-09-09,Routine,Inspector 8,40.88,51.86,True,False,Satisfactory,Site verification required
INS-00118,MPLADS-SYN-0979,2026-10-03,Milestone,Inspector 1,80.17,49.8,True,True,Satisfactory,Minor documentation gap
INS-00119,MPLADS-SYN-0535,2026-09-14,Completion,Inspector 18,76.32,20.84,True,True,Satisfactory,Site verification required
INS-00120,MPLADS-SYN-0295,2026-09-10,Milestone,Inspector 8,86.15,58.83,True,False,Follow-up Required,Site verification required
INS-00121,MPLADS-SYN-0893,2026-11-22,Completion,Inspector 1,39.53,23.54,True,False,Satisfactory,No major issue observed
INS-00122,MPLADS-SYN-0426,2026-07-22,Milestone,Inspector 1,77.88,48.03,False,True,Follow-up Required,Work progressing as reported
INS-00123,MPLADS-SYN-0714,2026-07-08,Surprise,Inspector 5,30.81,76.4,False,True,Satisfactory,Work progressing as reported
INS-00124,MPLADS-SYN-0261,2026-06-08,Completion,Inspector 19,63.45,32.92,True,True,Satisfactory,Site verification required
INS-00125,MPLADS-SYN-0238,2026-10-24,Routine,Inspector 14,72.48,84.17,False,True,Satisfactory,Work progressing as reported
INS-00126,MPLADS-SYN-0560,2026-04-30,Routine,Inspector 29,45.6,46.74,True,True,Satisfactory,Work progressing as reported
INS-00127,MPLADS-SYN-0584,2026-12-21,Milestone,Inspector 10,51.98,57.42,True,False,Needs Improvement,No major issue observed
INS-00128,MPLADS-SYN-0446,2026-10-25,Milestone,Inspector 12,48.62,61.37,False,True,Follow-up Required,Work progressing as reported
INS-00129,MPLADS-SYN-0868,2026-09-26,Completion,Inspector 24,34.19,80.78,False,True,Needs Improvement,No major issue observed
INS-00130,MPLADS-SYN-0801,2026-11-21,Surprise,Inspector 10,82.06,44.46,False,True,Satisfactory,Site verification required
INS-00131,MPLADS-SYN-0600,2026-12-14,Completion,Inspector 6,45.66,89.36,True,True,Follow-up Required,Work progressing as reported
INS-00132,MPLADS-SYN-0850,2026-06-13,Surprise,Inspector 8,61.31,89.32,False,True,Follow-up Required,Minor documentation gap
INS-00133,MPLADS-SYN-0266,2026-07-20,Milestone,Inspector 9,45.85,71.78,False,True,Satisfactory,Minor documentation gap
INS-00134,MPLADS-SYN-0996,2026-10-04,Completion,Inspector 2,79.02,77.68,False,True,Follow-up Required,Work progressing as reported
INS-00135,MPLADS-SYN-0530,2026-12-21,Completion,Inspector 23,49.67,38.24,True,True,Satisfactory,Site verification required
INS-00136,MPLADS-SYN-0056,2026-09-25,Completion,Inspector 23,21.47,75.51,True,True,Follow-up Required,Site verification required
INS-00137,MPLADS-SYN-0121,2026-04-15,Routine,Inspector 8,62.6,67.97,True,False,Satisfactory,Work progressing as reported
INS-00138,MPLADS-SYN-0216,2027-02-06,Routine,Inspector 30,17.6,46.57,True,True,Needs Improvement,Work progressing as reported
INS-00139,MPLADS-SYN-0026,2026-11-29,Completion,Inspector 6,26.11,51.68,True,True,Satisfactory,No major issue observed
INS-00140,MPLADS-SYN-0073,2026-11-24,Routine,Inspector 29,70.18,25.26,True,True,Follow-up Required,Minor documentation gap
INS-00141,MPLADS-SYN-0045,2026-11-16,Surprise,Inspector 15,65.82,33.09,False,False,Needs Improvement,Minor documentation gap
INS-00142,MPLADS-SYN-0248,2026-09-29,Completion,Inspector 22,50.65,75.48,True,True,Needs Improvement,Site verification required
INS-00143,MPLADS-SYN-0722,2026-07-24,Milestone,Inspector 6,3.9,93.02,False,True,Satisfactory,No major issue observed
INS-00144,MPLADS-SYN-0282,2027-01-13,Completion,Inspector 11,38.17,77.58,True,False,Satisfactory,Work progressing as reported
INS-00145,MPLADS-SYN-0894,2027-02-13,Routine,Inspector 14,59.81,56.26,True,False,Satisfactory,Site verification required
INS-00146,MPLADS-SYN-0915,2026-07-25,Completion,Inspector 17,40.82,87.36,False,True,Satisfactory,Site verification required
INS-00147,MPLADS-SYN-0811,2026-04-21,Surprise,Inspector 6,39.26,30.0,False,True,Satisfactory,Minor documentation gap
INS-00148,MPLADS-SYN-0245,2026-09-04,Completion,Inspector 15,86.21,84.91,True,False,Satisfactory,Minor documentation gap
INS-00149,MPLADS-SYN-0823,2026-10-28,Surprise,Inspector 8,58.94,52.02,True,True,Satisfactory,Site verification required
INS-00150,MPLADS-SYN-0322,2026-06-16,Surprise,Inspector 6,59.21,64.63,True,True,Satisfactory,No major issue observed
INS-00151,MPLADS-SYN-0644,2026-10-08,Routine,Inspector 29,32.54,21.58,True,True,Satisfactory,Site verification required
INS-00152,MPLADS-SYN-0159,2026-09-30,Milestone,Inspector 2,30.89,38.4,True,True,Satisfactory,Minor documentation gap
INS-00153,MPLADS-SYN-0978,2026-04-14,Completion,Inspector 30,25.06,70.68,False,True,Needs Improvement,Minor documentation gap
INS-00154,MPLADS-SYN-0430,2027-01-20,Milestone,Inspector 2,83.87,47.75,True,True,Follow-up Required,No major issue observed
INS-00155,MPLADS-SYN-0942,2026-08-05,Milestone,Inspector 27,34.11,27.67,True,True,Satisfactory,Work progressing as reported
INS-00156,MPLADS-SYN-0463,2026-12-06,Surprise,Inspector 18,60.75,24.33,False,True,Needs Improvement,Work progressing as reported
INS-00157,MPLADS-SYN-0310,2026-05-29,Milestone,Inspector 29,74.36,74.97,True,True,Satisfactory,No major issue observed
INS-00158,MPLADS-SYN-0698,2026-06-23,Routine,Inspector 19,76.93,49.71,True,True,Satisfactory,Minor documentation gap
INS-00159,MPLADS-SYN-0061,2026-12-02,Routine,Inspector 16,41.33,26.03,True,True,Satisfactory,Site verification required
INS-00160,MPLADS-SYN-0885,2026-02-25,Milestone,Inspector 24,38.02,68.9,True,True,Needs Improvement,No major issue observed
INS-00161,MPLADS-SYN-0596,2026-08-17,Completion,Inspector 28,80.1,48.64,True,True,Needs Improvement,No major issue observed
INS-00162,MPLADS-SYN-0768,2027-01-22,Milestone,Inspector 17,62.11,30.52,True,True,Satisfactory,Minor documentation gap
INS-00163,MPLADS-SYN-0650,2026-08-17,Routine,Inspector 24,46.57,87.63,True,False,Follow-up Required,Site verification required
INS-00164,MPLADS-SYN-0651,2026-09-14,Milestone,Inspector 11,83.1,89.92,True,True,Follow-up Required,No major issue observed
INS-00165,MPLADS-SYN-0866,2026-02-19,Routine,Inspector 10,40.46,45.15,False,False,Needs Improvement,No major issue observed
INS-00166,MPLADS-SYN-0669,2026-12-19,Completion,Inspector 20,69.13,90.18,True,True,Needs Improvement,Minor documentation gap
INS-00167,MPLADS-SYN-0299,2027-03-03,Routine,Inspector 30,59.93,23.36,False,True,Follow-up Required,Work progressing as reported
INS-00168,MPLADS-SYN-0690,2026-07-14,Surprise,Inspector 25,40.07,78.62,True,False,Satisfactory,Minor documentation gap
INS-00169,MPLADS-SYN-0315,2026-07-22,Completion,Inspector 27,59.22,60.07,True,False,Satisfactory,Minor documentation gap
INS-00170,MPLADS-SYN-0311,2026-08-02,Completion,Inspector 22,33.83,95.06,False,False,Needs Improvement,Work progressing as reported
INS-00171,MPLADS-SYN-0362,2026-10-31,Surprise,Inspector 3,95.44,74.8,True,False,Follow-up Required,Work progressing as reported
INS-00172,MPLADS-SYN-0480,2026-05-21,Completion,Inspector 11,97.89,80.7,False,True,Satisfactory,No major issue observed
INS-00173,MPLADS-SYN-0111,2027-01-24,Routine,Inspector 1,84.67,32.49,True,True,Satisfactory,Work progressing as reported
INS-00174,MPLADS-SYN-0990,2027-03-09,Surprise,Inspector 15,15.47,35.45,True,True,Satisfactory,No major issue observed
INS-00175,MPLADS-SYN-0487,2026-08-19,Completion,Inspector 17,61.57,77.95,True,False,Satisfactory,Minor documentation gap
INS-00176,MPLADS-SYN-0364,2026-09-13,Completion,Inspector 29,35.33,67.87,False,False,Follow-up Required,Site verification required
INS-00177,MPLADS-SYN-0255,2026-09-27,Surprise,Inspector 10,46.72,36.35,True,True,Needs Improvement,Site verification required
INS-00178,MPLADS-SYN-0260,2026-12-13,Surprise,Inspector 19,45.57,54.78,False,False,Follow-up Required,No major issue observed
INS-00179,MPLADS-SYN-0803,2026-09-10,Routine,Inspector 28,24.98,81.03,True,True,Needs Improvement,No major issue observed
INS-00180,MPLADS-SYN-0678,2026-07-09,Completion,Inspector 2,47.62,68.61,True,True,Needs Improvement,Minor documentation gap
INS-00181,MPLADS-SYN-0495,2026-08-28,Routine,Inspector 17,36.78,70.07,True,True,Satisfactory,Minor documentation gap
INS-00182,MPLADS-SYN-0671,2026-02-17,Milestone,Inspector 12,64.47,96.91,True,True,Satisfactory,Minor documentation gap
INS-00183,MPLADS-SYN-0378,2026-05-05,Completion,Inspector 16,43.71,21.47,True,True,Follow-up Required,No major issue observed
INS-00184,MPLADS-SYN-0527,2026-09-16,Routine,Inspector 19,68.52,87.17,True,True,Follow-up Required,Site verification required
INS-00185,MPLADS-SYN-0846,2027-01-20,Milestone,Inspector 1,40.63,31.49,False,True,Follow-up Required,Minor documentation gap
INS-00186,MPLADS-SYN-0138,2026-08-16,Surprise,Inspector 11,7.38,24.62,True,True,Needs Improvement,Work progressing as reported
INS-00187,MPLADS-SYN-0356,2026-08-27,Milestone,Inspector 19,41.55,52.12,True,True,Satisfactory,No major issue observed
INS-00188,MPLADS-SYN-0366,2026-07-06,Completion,Inspector 4,93.27,21.06,True,True,Needs Improvement,Minor documentation gap
INS-00189,MPLADS-SYN-0943,2026-09-03,Routine,Inspector 1,87.28,43.28,True,True,Satisfactory,Site verification required
INS-00190,MPLADS-SYN-0750,2026-10-10,Routine,Inspector 16,66.07,77.11,True,True,Satisfactory,No major issue observed
INS-00191,MPLADS-SYN-0949,2026-06-06,Completion,Inspector 25,77.2,60.96,True,False,Needs Improvement,Minor documentation gap
INS-00192,MPLADS-SYN-0830,2026-09-02,Completion,Inspector 6,59.32,32.42,True,False,Satisfactory,No major issue observed
INS-00193,MPLADS-SYN-0657,2026-06-23,Milestone,Inspector 5,4.0,30.37,True,True,Satisfactory,Site verification required
INS-00194,MPLADS-SYN-0200,2026-07-07,Completion,Inspector 28,79.57,96.28,True,True,Follow-up Required,Work progressing as reported
INS-00195,MPLADS-SYN-0214,2026-09-28,Routine,Inspector 27,81.2,93.84,False,True,Needs Improvement,Work progressing as reported
INS-00196,MPLADS-SYN-0409,2026-11-14,Completion,Inspector 13,41.9,76.77,True,True,Satisfactory,Minor documentation gap
INS-00197,MPLADS-SYN-0333,2026-10-28,Completion,Inspector 17,58.85,81.71,True,False,Satisfactory,Work progressing as reported
INS-00198,MPLADS-SYN-0209,2026-08-21,Milestone,Inspector 14,69.33,31.24,True,False,Follow-up Required,Site verification required
INS-00199,MPLADS-SYN-0614,2026-08-14,Surprise,Inspector 10,60.48,31.58,True,False,Needs Improvement,Minor documentation gap
INS-00200,MPLADS-SYN-0079,2026-04-21,Milestone,Inspector 24,88.13,89.46,True,True,Follow-up Required,Work progressing as reported
INS-00201,MPLADS-SYN-0030,2026-07-28,Routine,Inspector 8,100.0,87.01,True,False,Needs Improvement,Work progressing as reported
INS-00202,MPLADS-SYN-0536,2026-10-15,Completion,Inspector 22,10.09,66.97,True,True,Satisfactory,Work progressing as reported
INS-00203,MPLADS-SYN-0696,2027-02-13,Completion,Inspector 1,39.13,21.96,True,True,Satisfactory,Work progressing as reported
INS-00204,MPLADS-SYN-0558,2026-04-03,Surprise,Inspector 28,84.17,96.51,False,False,Satisfactory,Minor documentation gap
INS-00205,MPLADS-SYN-0837,2026-04-25,Completion,Inspector 18,53.84,82.17,True,True,Follow-up Required,Work progressing as reported
INS-00206,MPLADS-SYN-0597,2026-08-02,Routine,Inspector 9,35.49,80.45,False,True,Needs Improvement,Work progressing as reported
INS-00207,MPLADS-SYN-0166,2026-09-09,Surprise,Inspector 1,30.18,47.34,True,False,Satisfactory,Minor documentation gap
INS-00208,MPLADS-SYN-0919,2026-05-25,Routine,Inspector 15,54.98,73.48,True,True,Needs Improvement,No major issue observed
INS-00209,MPLADS-SYN-0496,2026-03-18,Completion,Inspector 1,88.16,41.99,True,True,Needs Improvement,No major issue observed
INS-00210,MPLADS-SYN-0825,2026-04-19,Completion,Inspector 17,72.4,21.74,True,True,Needs Improvement,Site verification required
INS-00211,MPLADS-SYN-0066,2027-03-16,Surprise,Inspector 11,90.58,95.71,True,True,Follow-up Required,Site verification required
INS-00212,MPLADS-SYN-0142,2026-07-20,Surprise,Inspector 26,78.87,78.05,True,True,Follow-up Required,Minor documentation gap
INS-00213,MPLADS-SYN-0926,2026-07-04,Surprise,Inspector 20,65.04,69.07,False,True,Needs Improvement,Work progressing as reported
INS-00214,MPLADS-SYN-0828,2026-09-17,Milestone,Inspector 20,77.7,38.3,False,False,Satisfactory,Site verification required
INS-00215,MPLADS-SYN-0656,2026-10-15,Completion,Inspector 10,81.13,86.68,True,True,Satisfactory,Minor documentation gap
INS-00216,MPLADS-SYN-0332,2026-08-03,Surprise,Inspector 8,78.04,76.23,False,True,Follow-up Required,Site verification required
INS-00217,MPLADS-SYN-0665,2026-11-17,Milestone,Inspector 3,83.97,22.9,True,False,Follow-up Required,No major issue observed
INS-00218,MPLADS-SYN-0250,2027-01-18,Surprise,Inspector 14,36.59,33.26,True,True,Needs Improvement,Work progressing as reported
INS-00219,MPLADS-SYN-0908,2026-05-25,Routine,Inspector 2,45.49,43.25,False,True,Needs Improvement,No major issue observed
INS-00220,MPLADS-SYN-0709,2026-11-08,Completion,Inspector 25,47.17,66.71,False,False,Needs Improvement,Site verification required
INS-00221,MPLADS-SYN-0306,2026-12-22,Routine,Inspector 15,29.19,71.97,True,True,Needs Improvement,Work progressing as reported
INS-00222,MPLADS-SYN-0735,2026-06-22,Completion,Inspector 1,46.06,55.56,True,False,Follow-up Required,No major issue observed
INS-00223,MPLADS-SYN-0976,2026-06-01,Milestone,Inspector 26,48.23,99.22,True,True,Needs Improvement,Work progressing as reported
INS-00224,MPLADS-SYN-0050,2026-05-03,Completion,Inspector 4,67.18,80.71,True,True,Satisfactory,Site verification required
INS-00225,MPLADS-SYN-0897,2027-02-22,Milestone,Inspector 30,55.49,42.93,True,True,Satisfactory,Site verification required
INS-00226,MPLADS-SYN-0003,2026-08-25,Completion,Inspector 9,68.64,38.66,False,False,Follow-up Required,Site verification required
INS-00227,MPLADS-SYN-0545,2026-12-29,Surprise,Inspector 12,44.04,38.3,True,True,Follow-up Required,Work progressing as reported
INS-00228,MPLADS-SYN-0351,2026-10-28,Milestone,Inspector 12,36.9,20.1,True,True,Satisfactory,Minor documentation gap
INS-00229,MPLADS-SYN-0905,2026-06-10,Surprise,Inspector 7,49.51,77.41,False,False,Follow-up Required,No major issue observed
INS-00230,MPLADS-SYN-0537,2026-12-31,Milestone,Inspector 4,76.91,37.32,False,True,Follow-up Required,No major issue observed
INS-00231,MPLADS-SYN-0345,2027-01-24,Surprise,Inspector 17,51.92,77.82,True,False,Satisfactory,Site verification required
INS-00232,MPLADS-SYN-0995,2026-06-24,Surprise,Inspector 22,64.9,69.74,True,False,Follow-up Required,No major issue observed
INS-00233,MPLADS-SYN-0482,2026-10-06,Routine,Inspector 9,59.22,99.28,True,True,Follow-up Required,Minor documentation gap
INS-00234,MPLADS-SYN-0576,2026-09-29,Completion,Inspector 30,87.74,55.23,True,True,Satisfactory,Work progressing as reported
INS-00235,MPLADS-SYN-0034,2026-10-11,Routine,Inspector 16,44.96,85.98,True,False,Needs Improvement,Minor documentation gap
INS-00236,MPLADS-SYN-0032,2026-07-06,Completion,Inspector 5,81.42,51.46,False,False,Satisfactory,Minor documentation gap
INS-00237,MPLADS-SYN-0232,2026-10-22,Completion,Inspector 10,71.41,85.57,False,False,Needs Improvement,No major issue observed
INS-00238,MPLADS-SYN-0964,2026-07-25,Surprise,Inspector 22,50.63,71.67,True,True,Satisfactory,Work progressing as reported
INS-00239,MPLADS-SYN-0193,2026-07-11,Surprise,Inspector 22,37.12,75.65,True,False,Satisfactory,No major issue observed
INS-00240,MPLADS-SYN-0334,2026-05-12,Surprise,Inspector 11,8.02,86.7,False,True,Satisfactory,Site verification required
INS-00241,MPLADS-SYN-0004,2026-07-16,Completion,Inspector 2,58.11,73.34,True,False,Satisfactory,Work progressing as reported
INS-00242,MPLADS-SYN-0205,2026-04-09,Completion,Inspector 3,67.64,87.69,True,True,Needs Improvement,Site verification required
INS-00243,MPLADS-SYN-0515,2027-03-12,Routine,Inspector 5,43.16,88.43,True,True,Needs Improvement,Minor documentation gap
INS-00244,MPLADS-SYN-0800,2026-07-22,Surprise,Inspector 22,61.54,86.58,False,True,Satisfactory,No major issue observed
INS-00245,MPLADS-SYN-0307,2026-11-16,Milestone,Inspector 22,75.91,25.89,True,False,Satisfactory,Site verification required
INS-00246,MPLADS-SYN-0110,2026-12-29,Completion,Inspector 22,50.22,98.32,False,True,Satisfactory,No major issue observed
INS-00247,MPLADS-SYN-0431,2026-05-14,Completion,Inspector 3,45.69,30.12,True,False,Needs Improvement,Minor documentation gap
INS-00248,MPLADS-SYN-0078,2026-07-17,Completion,Inspector 7,62.01,62.1,True,True,Satisfactory,Work progressing as reported
INS-00249,MPLADS-SYN-0085,2026-09-01,Routine,Inspector 21,36.08,97.98,True,True,Follow-up Required,Minor documentation gap
INS-00250,MPLADS-SYN-0287,2026-03-22,Surprise,Inspector 25,84.86,70.22,False,True,Follow-up Required,No major issue observed
INS-00251,MPLADS-SYN-0083,2026-10-15,Surprise,Inspector 30,74.01,67.28,True,True,Satisfactory,No major issue observed
INS-00252,MPLADS-SYN-0992,2026-06-18,Milestone,Inspector 5,42.61,66.19,True,False,Satisfactory,Minor documentation gap
INS-00253,MPLADS-SYN-0790,2026-11-15,Surprise,Inspector 5,85.61,62.69,False,True,Satisfactory,No major issue observed
INS-00254,MPLADS-SYN-0895,2026-06-26,Completion,Inspector 29,92.64,56.89,True,False,Satisfactory,Site verification required
INS-00255,MPLADS-SYN-0399,2026-09-05,Surprise,Inspector 6,60.51,53.16,True,True,Satisfactory,Site verification required
INS-00256,MPLADS-SYN-0324,2026-10-13,Milestone,Inspector 26,65.75,70.38,False,False,Needs Improvement,No major issue observed
INS-00257,MPLADS-SYN-0520,2026-07-28,Routine,Inspector 3,65.95,97.69,True,True,Satisfactory,No major issue observed
INS-00258,MPLADS-SYN-0917,2026-06-23,Routine,Inspector 11,57.99,58.31,True,True,Satisfactory,Site verification required
INS-00259,MPLADS-SYN-0923,2026-10-09,Completion,Inspector 23,42.22,82.4,False,True,Satisfactory,Work progressing as reported
INS-00260,MPLADS-SYN-0006,2026-10-19,Routine,Inspector 23,79.43,77.06,True,True,Needs Improvement,Minor documentation gap
INS-00261,MPLADS-SYN-0732,2026-12-03,Routine,Inspector 14,61.86,77.96,True,True,Satisfactory,Work progressing as reported
INS-00262,MPLADS-SYN-0466,2026-08-07,Milestone,Inspector 11,25.14,25.8,True,True,Satisfactory,Site verification required
INS-00263,MPLADS-SYN-0098,2026-07-14,Completion,Inspector 25,31.64,56.43,False,True,Follow-up Required,Site verification required
INS-00264,MPLADS-SYN-0267,2027-01-15,Surprise,Inspector 3,27.03,71.48,True,True,Needs Improvement,No major issue observed
INS-00265,MPLADS-SYN-0358,2026-10-11,Routine,Inspector 3,38.67,37.33,True,True,Satisfactory,Work progressing as reported
INS-00266,MPLADS-SYN-0869,2026-10-11,Milestone,Inspector 12,62.29,72.23,True,True,Follow-up Required,Work progressing as reported
INS-00267,MPLADS-SYN-0799,2026-05-22,Surprise,Inspector 24,58.6,36.42,True,True,Needs Improvement,Work progressing as reported
INS-00268,MPLADS-SYN-0381,2026-11-06,Milestone,Inspector 2,62.89,60.65,True,False,Follow-up Required,Minor documentation gap
INS-00269,MPLADS-SYN-0632,2026-11-09,Milestone,Inspector 17,40.46,96.92,True,True,Needs Improvement,Work progressing as reported
INS-00270,MPLADS-SYN-0382,2027-01-17,Routine,Inspector 6,40.19,38.36,True,True,Satisfactory,Site verification required
INS-00271,MPLADS-SYN-0491,2026-07-21,Milestone,Inspector 6,12.04,30.7,True,False,Needs Improvement,No major issue observed
INS-00272,MPLADS-SYN-0119,2026-04-01,Milestone,Inspector 18,74.52,86.37,True,True,Needs Improvement,Minor documentation gap
INS-00273,MPLADS-SYN-0901,2027-01-20,Milestone,Inspector 21,24.33,25.3,False,False,Follow-up Required,Site verification required
INS-00274,MPLADS-SYN-0251,2026-07-08,Routine,Inspector 22,56.35,21.47,True,True,Needs Improvement,Work progressing as reported
INS-00275,MPLADS-SYN-0524,2026-10-01,Surprise,Inspector 23,42.6,40.47,True,True,Satisfactory,No major issue observed
INS-00276,MPLADS-SYN-0010,2026-07-15,Routine,Inspector 1,62.36,20.86,True,True,Satisfactory,Minor documentation gap
INS-00277,MPLADS-SYN-0197,2026-11-08,Routine,Inspector 5,53.93,62.32,True,False,Needs Improvement,Minor documentation gap
INS-00278,MPLADS-SYN-0604,2026-09-05,Milestone,Inspector 29,74.11,41.97,True,True,Needs Improvement,Minor documentation gap
INS-00279,MPLADS-SYN-0082,2026-07-12,Completion,Inspector 25,87.17,87.95,False,True,Satisfactory,Work progressing as reported
INS-00280,MPLADS-SYN-0784,2026-10-08,Milestone,Inspector 4,45.75,91.99,True,False,Follow-up Required,No major issue observed
INS-00281,MPLADS-SYN-0588,2026-12-26,Surprise,Inspector 1,21.98,88.65,True,True,Follow-up Required,Site verification required
INS-00282,MPLADS-SYN-0798,2026-04-27,Routine,Inspector 13,28.59,51.28,False,True,Satisfactory,Work progressing as reported
INS-00283,MPLADS-SYN-0240,2026-03-02,Surprise,Inspector 26,95.75,64.19,True,True,Needs Improvement,Work progressing as reported
INS-00284,MPLADS-SYN-0291,2026-09-08,Surprise,Inspector 5,34.28,53.03,False,True,Follow-up Required,Work progressing as reported
INS-00285,MPLADS-SYN-0212,2026-08-29,Surprise,Inspector 4,54.9,20.49,True,False,Satisfactory,No major issue observed
INS-00286,MPLADS-SYN-0718,2026-08-30,Routine,Inspector 24,38.5,35.61,True,True,Follow-up Required,Site verification required
INS-00287,MPLADS-SYN-0360,2026-07-14,Milestone,Inspector 23,34.6,72.85,False,True,Satisfactory,Site verification required
INS-00288,MPLADS-SYN-0450,2027-01-18,Completion,Inspector 21,44.12,44.33,True,True,Satisfactory,Work progressing as reported
INS-00289,MPLADS-SYN-0228,2026-12-30,Completion,Inspector 13,67.79,47.19,False,True,Needs Improvement,Site verification required
INS-00290,MPLADS-SYN-0951,2026-08-26,Routine,Inspector 4,78.63,82.1,True,True,Satisfactory,No major issue observed
INS-00291,MPLADS-SYN-0947,2026-04-07,Completion,Inspector 23,8.69,63.06,True,True,Follow-up Required,Minor documentation gap
INS-00292,MPLADS-SYN-0797,2026-04-29,Surprise,Inspector 18,90.4,97.55,True,True,Follow-up Required,Site verification required
INS-00293,MPLADS-SYN-0502,2026-08-27,Completion,Inspector 4,48.39,54.54,True,True,Satisfactory,Minor documentation gap
INS-00294,MPLADS-SYN-0465,2027-02-24,Surprise,Inspector 23,82.26,75.37,True,False,Satisfactory,Site verification required
INS-00295,MPLADS-SYN-0363,2026-08-30,Routine,Inspector 11,40.78,48.21,True,True,Satisfactory,Site verification required
INS-00296,MPLADS-SYN-0469,2026-07-08,Routine,Inspector 4,21.89,82.82,False,False,Follow-up Required,Minor documentation gap
INS-00297,MPLADS-SYN-0936,2026-02-20,Surprise,Inspector 15,83.59,31.42,True,True,Needs Improvement,Work progressing as reported
INS-00298,MPLADS-SYN-0429,2026-02-22,Routine,Inspector 18,94.12,91.38,True,False,Follow-up Required,No major issue observed
INS-00299,MPLADS-SYN-0008,2026-04-17,Surprise,Inspector 22,57.85,33.43,True,True,Satisfactory,Minor documentation gap
INS-00300,MPLADS-SYN-0156,2026-11-06,Routine,Inspector 1,48.65,35.66,True,True,Follow-up Required,Work progressing as reported
INS-00301,MPLADS-SYN-0542,2026-09-22,Routine,Inspector 22,20.81,59.67,True,True,Satisfactory,Work progressing as reported
INS-00302,MPLADS-SYN-0441,2026-10-30,Completion,Inspector 19,64.14,87.65,True,True,Satisfactory,Work progressing as reported
INS-00303,MPLADS-SYN-0483,2026-08-28,Completion,Inspector 30,85.78,82.65,True,True,Needs Improvement,No major issue observed
INS-00304,MPLADS-SYN-0423,2027-01-01,Milestone,Inspector 17,40.85,71.42,False,False,Needs Improvement,No major issue observed
INS-00305,MPLADS-SYN-0779,2026-07-02,Surprise,Inspector 25,59.76,66.03,True,False,Satisfactory,Minor documentation gap
INS-00306,MPLADS-SYN-0950,2026-07-06,Routine,Inspector 16,73.8,66.99,False,False,Satisfactory,Site verification required
INS-00307,MPLADS-SYN-0335,2026-09-04,Surprise,Inspector 15,30.94,71.41,True,True,Needs Improvement,Site verification required
INS-00308,MPLADS-SYN-0577,2026-08-18,Completion,Inspector 13,26.3,86.27,False,True,Satisfactory,Minor documentation gap
INS-00309,MPLADS-SYN-0935,2026-09-25,Surprise,Inspector 21,61.72,81.49,True,False,Needs Improvement,Work progressing as reported
INS-00310,MPLADS-SYN-0568,2027-02-13,Routine,Inspector 30,65.81,40.73,True,False,Follow-up Required,Minor documentation gap
INS-00311,MPLADS-SYN-0595,2026-09-22,Routine,Inspector 15,99.0,76.32,False,True,Needs Improvement,Site verification required
INS-00312,MPLADS-SYN-0531,2026-07-21,Completion,Inspector 17,77.1,93.75,True,True,Needs Improvement,No major issue observed
INS-00313,MPLADS-SYN-0582,2026-09-29,Completion,Inspector 16,45.42,99.68,True,True,Satisfactory,Work progressing as reported
INS-00314,MPLADS-SYN-0708,2026-09-16,Routine,Inspector 15,91.43,27.83,False,True,Satisfactory,No major issue observed
INS-00315,MPLADS-SYN-0449,2026-05-27,Milestone,Inspector 11,31.52,71.35,True,True,Satisfactory,Minor documentation gap
INS-00316,MPLADS-SYN-0454,2026-12-15,Milestone,Inspector 7,23.16,76.93,True,True,Satisfactory,Work progressing as reported
INS-00317,MPLADS-SYN-0229,2026-09-09,Completion,Inspector 19,27.41,47.21,False,True,Satisfactory,Work progressing as reported
INS-00318,MPLADS-SYN-0353,2027-01-11,Milestone,Inspector 3,72.24,96.96,False,True,Satisfactory,Site verification required
INS-00319,MPLADS-SYN-0729,2026-08-02,Completion,Inspector 8,85.02,73.68,True,True,Satisfactory,Site verification required
INS-00320,MPLADS-SYN-0213,2027-01-15,Milestone,Inspector 9,50.51,24.29,True,True,Follow-up Required,Minor documentation gap
INS-00321,MPLADS-SYN-0080,2026-05-13,Completion,Inspector 3,37.67,83.38,True,True,Follow-up Required,Minor documentation gap
INS-00322,MPLADS-SYN-0149,2026-10-07,Surprise,Inspector 12,87.51,56.12,True,True,Needs Improvement,Work progressing as reported
INS-00323,MPLADS-SYN-0303,2026-08-25,Routine,Inspector 16,46.02,35.56,True,True,Follow-up Required,Site verification required
INS-00324,MPLADS-SYN-0629,2026-08-18,Completion,Inspector 26,22.27,81.28,True,False,Needs Improvement,Minor documentation gap
INS-00325,MPLADS-SYN-0778,2026-08-19,Milestone,Inspector 16,78.83,80.47,True,True,Satisfactory,Site verification required
INS-00326,MPLADS-SYN-0507,2026-03-11,Completion,Inspector 4,88.5,33.51,True,False,Follow-up Required,Minor documentation gap
INS-00327,MPLADS-SYN-0343,2026-08-01,Surprise,Inspector 13,35.74,53.54,False,True,Satisfactory,Minor documentation gap
INS-00328,MPLADS-SYN-0486,2026-11-30,Surprise,Inspector 12,41.92,84.9,True,False,Satisfactory,Site verification required
INS-00329,MPLADS-SYN-0712,2026-04-04,Completion,Inspector 7,91.29,54.3,True,True,Satisfactory,No major issue observed
INS-00330,MPLADS-SYN-0134,2027-03-03,Milestone,Inspector 8,87.34,59.05,True,False,Needs Improvement,Work progressing as reported
INS-00331,MPLADS-SYN-0704,2026-10-26,Routine,Inspector 1,59.31,75.54,True,True,Follow-up Required,No major issue observed
INS-00332,MPLADS-SYN-0312,2026-09-25,Completion,Inspector 29,63.87,21.39,False,True,Satisfactory,Minor documentation gap
INS-00333,MPLADS-SYN-0723,2026-06-21,Surprise,Inspector 11,83.82,52.03,True,False,Follow-up Required,Work progressing as reported
INS-00334,MPLADS-SYN-0630,2027-01-11,Routine,Inspector 30,97.54,96.49,False,True,Follow-up Required,Minor documentation gap
INS-00335,MPLADS-SYN-0001,2026-04-02,Milestone,Inspector 19,72.57,40.23,False,True,Satisfactory,No major issue observed
INS-00336,MPLADS-SYN-0317,2026-07-01,Milestone,Inspector 30,34.83,34.59,True,False,Follow-up Required,Minor documentation gap
INS-00337,MPLADS-SYN-0707,2026-10-25,Milestone,Inspector 19,98.76,88.41,True,False,Satisfactory,Minor documentation gap
INS-00338,MPLADS-SYN-0548,2027-02-15,Milestone,Inspector 4,57.04,46.97,True,True,Follow-up Required,Work progressing as reported
INS-00339,MPLADS-SYN-0873,2026-07-01,Completion,Inspector 2,80.85,91.82,True,True,Satisfactory,Minor documentation gap
INS-00340,MPLADS-SYN-0533,2027-02-26,Completion,Inspector 24,32.48,56.32,True,True,Follow-up Required,Site verification required
INS-00341,MPLADS-SYN-0478,2026-11-07,Completion,Inspector 24,85.66,91.13,True,False,Needs Improvement,Minor documentation gap
INS-00342,MPLADS-SYN-0405,2026-06-03,Milestone,Inspector 5,60.54,72.82,False,False,Follow-up Required,Work progressing as reported
INS-00343,MPLADS-SYN-0173,2026-09-10,Completion,Inspector 19,79.85,92.12,True,True,Satisfactory,No major issue observed
INS-00344,MPLADS-SYN-0126,2026-05-23,Milestone,Inspector 24,46.1,59.29,True,False,Needs Improvement,No major issue observed
INS-00345,MPLADS-SYN-0395,2026-10-14,Completion,Inspector 29,65.29,41.22,True,False,Satisfactory,Site verification required
INS-00346,MPLADS-SYN-0421,2027-01-12,Milestone,Inspector 12,71.38,56.24,True,False,Needs Improvement,Site verification required
INS-00347,MPLADS-SYN-0553,2026-12-11,Surprise,Inspector 1,90.06,84.84,False,False,Follow-up Required,Site verification required
INS-00348,MPLADS-SYN-0904,2026-12-15,Completion,Inspector 15,76.33,89.4,True,True,Needs Improvement,Minor documentation gap
INS-00349,MPLADS-SYN-0091,2026-12-21,Milestone,Inspector 18,52.9,51.91,True,False,Follow-up Required,Minor documentation gap
INS-00350,MPLADS-SYN-0940,2026-10-20,Completion,Inspector 22,71.51,76.6,True,True,Satisfactory,Work progressing as reported
INS-00351,MPLADS-SYN-0182,2026-09-26,Routine,Inspector 11,64.13,59.42,False,False,Satisfactory,No major issue observed
INS-00352,MPLADS-SYN-0275,2026-09-12,Completion,Inspector 24,69.48,63.42,True,True,Needs Improvement,Work progressing as reported
INS-00353,MPLADS-SYN-0896,2026-11-05,Completion,Inspector 10,49.99,97.55,False,True,Follow-up Required,Work progressing as reported
INS-00354,MPLADS-SYN-0070,2026-08-14,Milestone,Inspector 29,42.97,33.94,True,True,Follow-up Required,Site verification required
INS-00355,MPLADS-SYN-0292,2026-11-12,Surprise,Inspector 3,90.42,83.34,True,False,Needs Improvement,Work progressing as reported
INS-00356,MPLADS-SYN-0132,2027-02-07,Routine,Inspector 17,94.04,94.48,True,True,Needs Improvement,Work progressing as reported
INS-00357,MPLADS-SYN-0301,2026-11-03,Completion,Inspector 28,49.37,49.36,True,True,Follow-up Required,No major issue observed
INS-00358,MPLADS-SYN-0425,2026-07-22,Routine,Inspector 16,67.23,24.66,True,True,Satisfactory,No major issue observed
INS-00359,MPLADS-SYN-0327,2026-06-29,Completion,Inspector 20,77.07,75.95,False,True,Needs Improvement,No major issue observed
INS-00360,MPLADS-SYN-0145,2026-03-31,Surprise,Inspector 3,48.47,94.11,False,True,Satisfactory,Work progressing as reported
INS-00361,MPLADS-SYN-0424,2026-09-04,Routine,Inspector 27,51.7,64.42,True,True,Follow-up Required,Minor documentation gap
INS-00362,MPLADS-SYN-0581,2026-08-26,Routine,Inspector 5,70.57,43.12,True,True,Needs Improvement,Minor documentation gap
INS-00363,MPLADS-SYN-0136,2026-09-06,Routine,Inspector 3,61.19,73.97,False,True,Satisfactory,Site verification required
INS-00364,MPLADS-SYN-0451,2026-11-10,Surprise,Inspector 21,58.37,75.43,False,True,Follow-up Required,Minor documentation gap
INS-00365,MPLADS-SYN-0165,2026-12-31,Surprise,Inspector 20,53.87,99.02,False,True,Follow-up Required,Site verification required
INS-00366,MPLADS-SYN-0029,2027-03-05,Surprise,Inspector 5,42.14,74.26,False,False,Satisfactory,Site verification required
INS-00367,MPLADS-SYN-0774,2026-07-30,Routine,Inspector 10,11.33,42.74,True,False,Satisfactory,Minor documentation gap
INS-00368,MPLADS-SYN-0194,2026-09-11,Routine,Inspector 26,31.59,88.06,True,True,Needs Improvement,Minor documentation gap
INS-00369,MPLADS-SYN-0389,2026-08-17,Completion,Inspector 26,22.78,80.13,False,False,Satisfactory,No major issue observed
INS-00370,MPLADS-SYN-0853,2026-12-19,Completion,Inspector 25,92.68,87.0,True,True,Satisfactory,No major issue observed
INS-00371,MPLADS-SYN-0170,2026-09-25,Completion,Inspector 10,76.58,23.71,True,False,Satisfactory,Site verification required
INS-00372,MPLADS-SYN-0706,2026-08-10,Routine,Inspector 9,57.37,68.98,False,True,Follow-up Required,Minor documentation gap
INS-00373,MPLADS-SYN-0141,2027-02-05,Completion,Inspector 6,54.53,23.61,True,True,Needs Improvement,Site verification required
INS-00374,MPLADS-SYN-0174,2026-07-13,Routine,Inspector 19,76.88,64.63,True,True,Needs Improvement,Site verification required
INS-00375,MPLADS-SYN-0007,2026-09-09,Surprise,Inspector 5,61.58,78.93,True,True,Satisfactory,Work progressing as reported
INS-00376,MPLADS-SYN-0746,2026-03-12,Surprise,Inspector 26,57.09,25.67,False,True,Satisfactory,No major issue observed
INS-00377,MPLADS-SYN-0479,2026-07-28,Surprise,Inspector 20,87.56,33.28,True,True,Follow-up Required,No major issue observed
INS-00378,MPLADS-SYN-0074,2026-07-01,Routine,Inspector 27,28.55,77.86,True,False,Satisfactory,Site verification required
INS-00379,MPLADS-SYN-0911,2026-11-18,Routine,Inspector 29,17.5,72.53,True,True,Satisfactory,Minor documentation gap
INS-00380,MPLADS-SYN-0814,2026-11-07,Milestone,Inspector 1,88.36,46.55,False,True,Follow-up Required,No major issue observed
INS-00381,MPLADS-SYN-0239,2027-02-25,Milestone,Inspector 3,99.66,84.35,True,False,Satisfactory,Site verification required
INS-00382,MPLADS-SYN-0146,2026-09-22,Completion,Inspector 10,87.19,43.57,False,True,Needs Improvement,No major issue observed
INS-00383,MPLADS-SYN-0793,2026-03-21,Surprise,Inspector 22,64.59,83.55,True,True,Follow-up Required,Site verification required
INS-00384,MPLADS-SYN-0235,2026-12-12,Completion,Inspector 6,50.98,62.83,True,True,Satisfactory,Minor documentation gap
INS-00385,MPLADS-SYN-0221,2026-10-28,Completion,Inspector 15,72.83,87.11,False,False,Satisfactory,No major issue observed
INS-00386,MPLADS-SYN-0924,2026-08-01,Completion,Inspector 11,62.69,46.35,True,True,Follow-up Required,Site verification required
INS-00387,MPLADS-SYN-0501,2026-02-17,Surprise,Inspector 1,43.85,68.83,True,False,Satisfactory,Minor documentation gap
INS-00388,MPLADS-SYN-0133,2026-11-27,Surprise,Inspector 20,37.96,75.63,True,False,Satisfactory,Work progressing as reported
INS-00389,MPLADS-SYN-0991,2026-09-26,Surprise,Inspector 13,79.33,61.27,True,True,Satisfactory,Minor documentation gap
INS-00390,MPLADS-SYN-0775,2026-10-23,Surprise,Inspector 16,43.66,53.75,False,True,Needs Improvement,No major issue observed
INS-00391,MPLADS-SYN-0186,2026-10-22,Surprise,Inspector 14,42.87,52.17,False,True,Satisfactory,Minor documentation gap
INS-00392,MPLADS-SYN-0042,2026-04-20,Routine,Inspector 22,20.7,69.06,False,True,Follow-up Required,Site verification required
INS-00393,MPLADS-SYN-0697,2026-07-10,Completion,Inspector 2,57.1,30.44,False,True,Satisfactory,Minor documentation gap
INS-00394,MPLADS-SYN-0109,2026-08-13,Milestone,Inspector 27,38.04,74.01,False,False,Satisfactory,No major issue observed
INS-00395,MPLADS-SYN-0589,2026-08-30,Milestone,Inspector 10,7.77,89.78,True,True,Follow-up Required,Minor documentation gap
INS-00396,MPLADS-SYN-0057,2026-05-08,Milestone,Inspector 21,81.22,63.49,True,True,Satisfactory,Minor documentation gap
INS-00397,MPLADS-SYN-0406,2026-09-24,Routine,Inspector 29,56.32,26.21,False,True,Follow-up Required,Site verification required
INS-00398,MPLADS-SYN-0443,2027-01-15,Completion,Inspector 13,81.71,54.64,False,True,Needs Improvement,Work progressing as reported
INS-00399,MPLADS-SYN-0758,2026-07-02,Milestone,Inspector 21,63.67,74.45,True,True,Satisfactory,Minor documentation gap
INS-00400,MPLADS-SYN-0998,2026-05-13,Completion,Inspector 14,93.34,92.91,True,False,Satisfactory,Site verification required
INS-00401,MPLADS-SYN-0025,2026-05-18,Milestone,Inspector 18,59.02,32.51,False,False,Needs Improvement,Site verification required
INS-00402,MPLADS-SYN-0468,2026-12-27,Surprise,Inspector 5,23.71,26.34,True,False,Satisfactory,Minor documentation gap
INS-00403,MPLADS-SYN-0540,2026-09-04,Routine,Inspector 26,77.74,89.19,True,False,Follow-up Required,Minor documentation gap
INS-00404,MPLADS-SYN-0532,2026-05-11,Completion,Inspector 13,60.37,98.41,True,True,Satisfactory,No major issue observed
INS-00405,MPLADS-SYN-0619,2027-01-01,Milestone,Inspector 14,43.12,76.19,True,True,Follow-up Required,No major issue observed
INS-00406,MPLADS-SYN-0695,2026-06-13,Completion,Inspector 1,44.56,31.96,False,True,Follow-up Required,No major issue observed
INS-00407,MPLADS-SYN-0927,2026-12-07,Surprise,Inspector 15,42.52,96.53,True,True,Satisfactory,Minor documentation gap
INS-00408,MPLADS-SYN-0339,2026-11-01,Milestone,Inspector 9,41.2,47.76,False,False,Satisfactory,Site verification required
INS-00409,MPLADS-SYN-0052,2026-11-18,Surprise,Inspector 29,46.8,35.43,False,True,Satisfactory,No major issue observed
INS-00410,MPLADS-SYN-0508,2026-06-13,Routine,Inspector 9,79.29,47.17,True,False,Satisfactory,No major issue observed
INS-00411,MPLADS-SYN-0517,2026-08-02,Milestone,Inspector 25,40.4,79.64,False,True,Satisfactory,Minor documentation gap
INS-00412,MPLADS-SYN-0921,2026-12-30,Completion,Inspector 30,59.59,44.97,True,True,Needs Improvement,Work progressing as reported
INS-00413,MPLADS-SYN-0782,2026-12-19,Surprise,Inspector 11,76.4,92.66,False,False,Satisfactory,Minor documentation gap
INS-00414,MPLADS-SYN-0265,2026-08-20,Completion,Inspector 21,62.62,28.34,True,True,Follow-up Required,Work progressing as reported
INS-00415,MPLADS-SYN-0818,2026-12-12,Surprise,Inspector 13,43.91,56.82,False,True,Follow-up Required,Site verification required
INS-00416,MPLADS-SYN-0711,2026-07-12,Surprise,Inspector 9,50.24,94.19,True,False,Satisfactory,No major issue observed
INS-00417,MPLADS-SYN-0683,2027-01-07,Milestone,Inspector 6,78.39,69.89,True,False,Satisfactory,Minor documentation gap
INS-00418,MPLADS-SYN-0833,2026-08-14,Surprise,Inspector 18,40.44,75.16,True,True,Needs Improvement,No major issue observed
INS-00419,MPLADS-SYN-0519,2026-10-16,Surprise,Inspector 11,30.32,67.43,True,True,Satisfactory,No major issue observed
INS-00420,MPLADS-SYN-0448,2026-05-30,Completion,Inspector 14,76.38,64.41,True,True,Satisfactory,Work progressing as reported
INS-00421,MPLADS-SYN-0019,2026-06-04,Routine,Inspector 8,24.75,39.6,False,True,Satisfactory,Work progressing as reported
INS-00422,MPLADS-SYN-0716,2026-11-08,Routine,Inspector 28,46.15,31.5,True,True,Follow-up Required,Site verification required
INS-00423,MPLADS-SYN-0484,2026-11-18,Surprise,Inspector 29,37.2,82.0,True,True,Satisfactory,Work progressing as reported
INS-00424,MPLADS-SYN-0569,2026-06-02,Milestone,Inspector 7,92.31,87.02,True,True,Needs Improvement,No major issue observed
INS-00425,MPLADS-SYN-0434,2026-12-31,Milestone,Inspector 21,34.49,59.28,False,True,Satisfactory,Work progressing as reported
INS-00426,MPLADS-SYN-0368,2026-09-22,Surprise,Inspector 20,38.9,69.68,True,False,Follow-up Required,Site verification required
INS-00427,MPLADS-SYN-0084,2026-11-14,Surprise,Inspector 19,38.49,65.6,True,True,Follow-up Required,Site verification required
INS-00428,MPLADS-SYN-0062,2026-10-10,Completion,Inspector 5,55.01,70.52,True,True,Satisfactory,Site verification required
INS-00429,MPLADS-SYN-0639,2026-12-22,Surprise,Inspector 29,42.19,37.94,True,True,Needs Improvement,Site verification required
INS-00430,MPLADS-SYN-0273,2026-07-17,Milestone,Inspector 26,68.93,95.39,False,False,Needs Improvement,Minor documentation gap
INS-00431,MPLADS-SYN-0286,2027-03-30,Completion,Inspector 21,35.01,89.89,False,False,Satisfactory,Minor documentation gap
INS-00432,MPLADS-SYN-0361,2026-07-12,Surprise,Inspector 16,85.73,43.67,True,True,Needs Improvement,Minor documentation gap
INS-00433,MPLADS-SYN-0355,2026-04-04,Completion,Inspector 21,26.17,69.84,True,True,Satisfactory,Minor documentation gap
INS-00434,MPLADS-SYN-0457,2026-06-30,Surprise,Inspector 2,44.02,78.3,False,True,Satisfactory,Minor documentation gap
INS-00435,MPLADS-SYN-0279,2026-09-05,Milestone,Inspector 24,20.87,90.24,True,True,Satisfactory,Minor documentation gap
INS-00436,MPLADS-SYN-0013,2027-01-09,Completion,Inspector 8,45.63,86.84,True,False,Satisfactory,Site verification required
INS-00437,MPLADS-SYN-0183,2026-06-08,Routine,Inspector 27,64.83,23.1,False,False,Satisfactory,Minor documentation gap
INS-00438,MPLADS-SYN-0369,2026-11-30,Surprise,Inspector 19,96.09,76.59,True,True,Follow-up Required,Site verification required
INS-00439,MPLADS-SYN-0882,2026-07-29,Milestone,Inspector 29,35.46,44.2,True,True,Satisfactory,Work progressing as reported
INS-00440,MPLADS-SYN-0616,2026-09-23,Milestone,Inspector 26,65.84,97.06,True,True,Satisfactory,Site verification required
INS-00441,MPLADS-SYN-0224,2026-08-08,Milestone,Inspector 7,31.61,74.85,True,False,Satisfactory,Minor documentation gap
INS-00442,MPLADS-SYN-0573,2026-09-04,Completion,Inspector 3,72.97,39.14,True,True,Follow-up Required,Work progressing as reported
INS-00443,MPLADS-SYN-0971,2026-05-28,Milestone,Inspector 20,67.38,75.66,True,False,Satisfactory,Work progressing as reported
INS-00444,MPLADS-SYN-0654,2026-05-22,Routine,Inspector 10,46.47,44.43,True,True,Satisfactory,Work progressing as reported
INS-00445,MPLADS-SYN-0546,2026-09-13,Completion,Inspector 22,76.59,84.77,True,True,Satisfactory,Work progressing as reported
INS-00446,MPLADS-SYN-0583,2027-01-15,Routine,Inspector 17,15.47,73.66,True,True,Satisfactory,No major issue observed
INS-00447,MPLADS-SYN-0634,2026-07-05,Routine,Inspector 15,42.35,38.68,True,False,Satisfactory,No major issue observed
INS-00448,MPLADS-SYN-0177,2026-12-16,Surprise,Inspector 30,51.38,75.66,True,True,Satisfactory,Work progressing as reported
INS-00449,MPLADS-SYN-0666,2026-05-26,Routine,Inspector 20,34.84,60.49,True,True,Satisfactory,Work progressing as reported
INS-00450,MPLADS-SYN-0674,2026-05-28,Routine,Inspector 8,78.55,82.54,True,True,Satisfactory,Site verification required
INS-00451,MPLADS-SYN-0586,2026-10-02,Surprise,Inspector 14,47.45,59.45,True,False,Needs Improvement,No major issue observed
INS-00452,MPLADS-SYN-0874,2026-10-30,Surprise,Inspector 2,15.22,59.67,True,False,Follow-up Required,Minor documentation gap
INS-00453,MPLADS-SYN-0394,2026-07-17,Milestone,Inspector 8,0.0,50.19,False,True,Follow-up Required,Work progressing as reported
INS-00454,MPLADS-SYN-0164,2026-10-19,Milestone,Inspector 22,32.96,71.4,False,True,Satisfactory,Work progressing as reported
INS-00455,MPLADS-SYN-0249,2026-11-15,Surprise,Inspector 25,63.22,80.4,True,True,Satisfactory,No major issue observed
INS-00456,MPLADS-SYN-0635,2027-01-30,Routine,Inspector 14,73.38,56.93,True,True,Satisfactory,Site verification required
INS-00457,MPLADS-SYN-0886,2026-06-15,Completion,Inspector 22,56.67,88.9,True,True,Follow-up Required,Minor documentation gap
INS-00458,MPLADS-SYN-0670,2026-11-09,Routine,Inspector 1,48.89,79.38,True,False,Follow-up Required,Work progressing as reported
INS-00459,MPLADS-SYN-0376,2026-11-19,Completion,Inspector 28,86.61,41.95,True,False,Satisfactory,No major issue observed
INS-00460,MPLADS-SYN-0413,2026-04-01,Milestone,Inspector 7,83.77,87.55,True,True,Satisfactory,No major issue observed
INS-00461,MPLADS-SYN-0075,2026-09-15,Milestone,Inspector 20,74.0,33.69,True,True,Needs Improvement,Work progressing as reported
INS-00462,MPLADS-SYN-0114,2026-08-01,Milestone,Inspector 5,33.39,91.15,False,False,Follow-up Required,Minor documentation gap
INS-00463,MPLADS-SYN-0599,2027-03-18,Surprise,Inspector 24,74.39,45.31,True,True,Needs Improvement,Work progressing as reported
INS-00464,MPLADS-SYN-0962,2027-01-09,Routine,Inspector 7,65.71,61.55,True,True,Follow-up Required,No major issue observed
INS-00465,MPLADS-SYN-0391,2026-06-21,Completion,Inspector 7,61.34,65.01,False,True,Satisfactory,Minor documentation gap
INS-00466,MPLADS-SYN-0105,2026-08-07,Routine,Inspector 9,64.12,52.9,True,True,Satisfactory,Site verification required
INS-00467,MPLADS-SYN-0115,2026-11-06,Surprise,Inspector 17,82.89,58.37,False,True,Follow-up Required,Work progressing as reported
INS-00468,MPLADS-SYN-0418,2026-12-27,Completion,Inspector 25,66.41,23.09,True,True,Satisfactory,No major issue observed
INS-00469,MPLADS-SYN-0526,2026-06-01,Milestone,Inspector 19,34.08,51.97,True,True,Needs Improvement,Site verification required
INS-00470,MPLADS-SYN-0458,2026-11-19,Routine,Inspector 17,52.66,79.94,True,True,Needs Improvement,Work progressing as reported
INS-00471,MPLADS-SYN-0410,2026-09-26,Milestone,Inspector 18,17.8,44.93,True,False,Follow-up Required,No major issue observed
INS-00472,MPLADS-SYN-0093,2026-05-10,Completion,Inspector 18,43.1,28.16,True,True,Satisfactory,Minor documentation gap
INS-00473,MPLADS-SYN-0931,2026-07-18,Routine,Inspector 17,29.72,51.97,False,True,Satisfactory,Site verification required
INS-00474,MPLADS-SYN-0090,2026-07-27,Surprise,Inspector 13,65.54,92.78,True,False,Needs Improvement,No major issue observed
INS-00475,MPLADS-SYN-0337,2026-09-16,Completion,Inspector 17,80.05,93.99,True,True,Satisfactory,No major issue observed
INS-00476,MPLADS-SYN-0989,2026-04-23,Routine,Inspector 7,37.64,83.94,True,False,Needs Improvement,Site verification required
INS-00477,MPLADS-SYN-0922,2026-10-23,Surprise,Inspector 22,30.56,53.92,True,True,Needs Improvement,Work progressing as reported
INS-00478,MPLADS-SYN-0934,2026-06-02,Completion,Inspector 21,49.67,32.18,True,True,Satisfactory,No major issue observed
INS-00479,MPLADS-SYN-0606,2026-12-02,Surprise,Inspector 22,49.01,27.92,False,True,Follow-up Required,Minor documentation gap
INS-00480,MPLADS-SYN-0594,2026-09-25,Surprise,Inspector 22,49.58,24.43,False,True,Satisfactory,No major issue observed
INS-00481,MPLADS-SYN-0612,2026-03-20,Surprise,Inspector 1,24.49,68.36,True,True,Satisfactory,Site verification required
INS-00482,MPLADS-SYN-0095,2026-07-10,Routine,Inspector 7,85.59,75.45,True,True,Satisfactory,Minor documentation gap
INS-00483,MPLADS-SYN-0012,2026-10-03,Surprise,Inspector 7,55.95,96.9,True,True,Needs Improvement,Work progressing as reported
INS-00484,MPLADS-SYN-0397,2027-03-18,Milestone,Inspector 26,75.79,65.63,False,False,Follow-up Required,Site verification required
INS-00485,MPLADS-SYN-0534,2026-09-21,Surprise,Inspector 26,55.9,96.37,True,True,Satisfactory,No major issue observed
INS-00486,MPLADS-SYN-0044,2027-01-11,Surprise,Inspector 5,46.36,98.48,False,True,Needs Improvement,Site verification required
INS-00487,MPLADS-SYN-0043,2026-12-23,Completion,Inspector 11,69.7,20.62,True,True,Satisfactory,No major issue observed
INS-00488,MPLADS-SYN-0330,2026-09-27,Completion,Inspector 7,24.33,56.88,False,True,Satisfactory,Site verification required
INS-00489,MPLADS-SYN-0168,2027-01-05,Milestone,Inspector 11,48.79,85.29,False,True,Satisfactory,Minor documentation gap
INS-00490,MPLADS-SYN-0498,2026-10-09,Completion,Inspector 9,66.55,61.15,True,False,Satisfactory,Work progressing as reported
INS-00491,MPLADS-SYN-0877,2027-01-30,Routine,Inspector 3,54.12,57.21,True,True,Satisfactory,Site verification required
INS-00492,MPLADS-SYN-0598,2026-09-15,Completion,Inspector 13,50.23,79.01,True,True,Needs Improvement,Site verification required
INS-00493,MPLADS-SYN-0757,2026-12-31,Surprise,Inspector 3,79.18,88.25,True,False,Needs Improvement,Minor documentation gap
INS-00494,MPLADS-SYN-0101,2026-07-07,Milestone,Inspector 26,100.0,85.09,False,True,Needs Improvement,Minor documentation gap
INS-00495,MPLADS-SYN-0427,2027-01-16,Completion,Inspector 23,43.75,52.43,True,False,Satisfactory,Work progressing as reported
INS-00496,MPLADS-SYN-0179,2026-10-07,Routine,Inspector 30,81.22,90.82,True,True,Satisfactory,No major issue observed
INS-00497,MPLADS-SYN-0445,2027-03-06,Routine,Inspector 27,68.32,61.41,True,False,Follow-up Required,Work progressing as reported
INS-00498,MPLADS-SYN-0417,2026-07-20,Routine,Inspector 22,83.24,83.23,True,True,Follow-up Required,Work progressing as reported
INS-00499,MPLADS-SYN-0871,2026-08-07,Routine,Inspector 14,29.91,44.06,True,True,Satisfactory,Site verification required
INS-00500,MPLADS-SYN-0883,2026-08-29,Routine,Inspector 19,44.7,39.29,False,True,Satisfactory,Site verification required
INS-00501,MPLADS-SYN-0681,2026-11-27,Milestone,Inspector 24,44.28,89.85,True,True,Needs Improvement,Site verification required
INS-00502,MPLADS-SYN-0178,2027-01-10,Milestone,Inspector 16,76.0,73.53,True,False,Satisfactory,No major issue observed
INS-00503,MPLADS-SYN-0396,2026-11-18,Routine,Inspector 16,63.97,90.99,False,True,Satisfactory,Site verification required
INS-00504,MPLADS-SYN-0912,2026-06-07,Surprise,Inspector 30,45.52,26.92,False,False,Satisfactory,Work progressing as reported
INS-00505,MPLADS-SYN-0794,2026-10-19,Milestone,Inspector 13,53.73,97.73,True,False,Satisfactory,No major issue observed
INS-00506,MPLADS-SYN-0961,2026-12-31,Completion,Inspector 24,9.31,63.29,True,False,Follow-up Required,Minor documentation gap
INS-00507,MPLADS-SYN-0685,2027-02-10,Surprise,Inspector 15,28.01,44.6,False,False,Satisfactory,Minor documentation gap
INS-00508,MPLADS-SYN-0384,2026-10-05,Routine,Inspector 7,37.93,79.6,True,False,Satisfactory,Work progressing as reported
INS-00509,MPLADS-SYN-0957,2027-01-13,Milestone,Inspector 16,55.32,24.86,False,False,Satisfactory,No major issue observed
INS-00510,MPLADS-SYN-0752,2026-11-14,Milestone,Inspector 6,24.59,84.04,False,True,Follow-up Required,Minor documentation gap
INS-00511,MPLADS-SYN-0258,2026-05-16,Milestone,Inspector 22,55.12,54.82,False,True,Needs Improvement,No major issue observed
INS-00512,MPLADS-SYN-0539,2026-10-20,Completion,Inspector 12,79.95,57.98,True,False,Satisfactory,Site verification required
INS-00513,MPLADS-SYN-0336,2027-03-19,Completion,Inspector 11,76.07,54.17,True,True,Needs Improvement,Site verification required
INS-00514,MPLADS-SYN-0016,2026-04-01,Routine,Inspector 15,73.97,41.72,True,False,Satisfactory,Site verification required
INS-00515,MPLADS-SYN-0325,2026-03-14,Milestone,Inspector 10,43.34,30.59,True,True,Satisfactory,Minor documentation gap
INS-00516,MPLADS-SYN-0759,2027-01-13,Completion,Inspector 20,74.87,38.06,True,True,Satisfactory,No major issue observed
INS-00517,MPLADS-SYN-0223,2026-10-06,Surprise,Inspector 6,54.25,49.7,True,True,Needs Improvement,Minor documentation gap
INS-00518,MPLADS-SYN-0180,2026-07-06,Completion,Inspector 25,72.4,40.63,True,False,Satisfactory,No major issue observed
INS-00519,MPLADS-SYN-0984,2026-07-10,Routine,Inspector 14,64.24,31.73,True,True,Needs Improvement,No major issue observed
INS-00520,MPLADS-SYN-0023,2026-11-14,Surprise,Inspector 4,34.0,76.65,True,True,Follow-up Required,Work progressing as reported
INS-00521,MPLADS-SYN-0357,2026-05-08,Milestone,Inspector 13,39.57,81.37,False,True,Needs Improvement,Minor documentation gap
INS-00522,MPLADS-SYN-0667,2026-07-22,Completion,Inspector 8,35.47,40.63,True,False,Follow-up Required,Site verification required
INS-00523,MPLADS-SYN-0862,2026-11-13,Milestone,Inspector 25,53.14,61.57,True,True,Follow-up Required,Minor documentation gap
INS-00524,MPLADS-SYN-0341,2026-08-24,Milestone,Inspector 11,17.01,36.63,True,True,Satisfactory,Minor documentation gap
INS-00525,MPLADS-SYN-0432,2026-09-30,Routine,Inspector 1,89.69,66.73,True,False,Follow-up Required,Minor documentation gap
INS-00526,MPLADS-SYN-0552,2026-07-25,Milestone,Inspector 24,46.13,41.37,True,True,Satisfactory,Minor documentation gap
INS-00527,MPLADS-SYN-0834,2027-02-28,Milestone,Inspector 18,63.49,51.89,True,True,Satisfactory,Site verification required
INS-00528,MPLADS-SYN-0204,2026-07-15,Routine,Inspector 9,59.44,55.19,False,False,Follow-up Required,Site verification required
INS-00529,MPLADS-SYN-0631,2027-02-14,Completion,Inspector 14,70.14,50.85,True,False,Satisfactory,No major issue observed
INS-00530,MPLADS-SYN-0094,2026-04-19,Surprise,Inspector 10,31.84,86.56,True,True,Needs Improvement,Site verification required
INS-00531,MPLADS-SYN-0559,2027-01-04,Completion,Inspector 20,40.7,54.81,True,True,Satisfactory,Minor documentation gap
INS-00532,MPLADS-SYN-0069,2026-12-22,Completion,Inspector 7,53.36,99.26,False,True,Satisfactory,Site verification required
INS-00533,MPLADS-SYN-0623,2026-07-23,Surprise,Inspector 24,52.38,62.09,False,True,Satisfactory,Work progressing as reported
INS-00534,MPLADS-SYN-0285,2026-05-12,Completion,Inspector 30,92.66,73.77,True,False,Follow-up Required,Minor documentation gap
INS-00535,MPLADS-SYN-0845,2026-05-04,Routine,Inspector 8,49.64,67.51,True,False,Needs Improvement,No major issue observed
INS-00536,MPLADS-SYN-0435,2026-06-20,Routine,Inspector 22,60.96,22.39,True,True,Needs Improvement,No major issue observed
INS-00537,MPLADS-SYN-0154,2026-09-24,Completion,Inspector 21,47.74,22.95,False,True,Follow-up Required,Minor documentation gap
INS-00538,MPLADS-SYN-0076,2026-05-25,Completion,Inspector 16,48.5,43.83,False,False,Follow-up Required,No major issue observed
INS-00539,MPLADS-SYN-0731,2026-05-28,Surprise,Inspector 24,67.85,91.25,True,True,Satisfactory,Site verification required
INS-00540,MPLADS-SYN-0447,2026-05-04,Milestone,Inspector 28,81.52,33.51,True,True,Needs Improvement,Site verification required
INS-00541,MPLADS-SYN-0189,2026-08-12,Milestone,Inspector 30,83.83,43.6,False,False,Follow-up Required,No major issue observed
INS-00542,MPLADS-SYN-0272,2026-06-08,Surprise,Inspector 30,90.54,20.58,False,False,Needs Improvement,Site verification required
INS-00543,MPLADS-SYN-0237,2026-08-04,Completion,Inspector 12,93.97,73.0,True,True,Needs Improvement,Work progressing as reported
INS-00544,MPLADS-SYN-0488,2026-10-31,Completion,Inspector 7,26.5,31.97,True,True,Satisfactory,Minor documentation gap
INS-00545,MPLADS-SYN-0118,2027-01-05,Milestone,Inspector 13,73.74,37.72,False,True,Follow-up Required,Site verification required
INS-00546,MPLADS-SYN-0944,2026-10-28,Completion,Inspector 7,86.52,86.15,True,False,Follow-up Required,Minor documentation gap
INS-00547,MPLADS-SYN-0513,2026-08-20,Surprise,Inspector 19,79.42,98.38,True,False,Follow-up Required,No major issue observed
INS-00548,MPLADS-SYN-0826,2026-08-16,Routine,Inspector 2,41.65,44.19,False,True,Satisfactory,No major issue observed
INS-00549,MPLADS-SYN-0592,2027-01-18,Completion,Inspector 7,91.62,79.67,True,True,Satisfactory,Site verification required
INS-00550,MPLADS-SYN-0127,2027-01-22,Milestone,Inspector 22,41.5,48.59,True,False,Follow-up Required,Site verification required
